Terminals unused in grammar

    slash
    slosh
    unrecognized


Grammar

    0 $accept: TPTP_file $end

    1 TPTP_file: nothing
    2          | TPTP_file TPTP_input

    3 TPTP_input: annotated_formula
    4           | include

    5 annotated_formula: thf_annotated
    6                  | tff_annotated
    7                  | tcf_annotated
    8                  | fof_annotated
    9                  | cnf_annotated
   10                  | tpi_annotated

   11 tpi_annotated: _LIT_tpi LPAREN name COMMA formula_role COMMA tpi_formula annotations RPAREN PERIOD

   12 tpi_formula: fof_formula

   13 thf_annotated: _LIT_thf LPAREN name COMMA formula_role COMMA thf_formula annotations RPAREN PERIOD

   14 tff_annotated: _LIT_tff LPAREN name COMMA formula_role COMMA tff_formula annotations RPAREN PERIOD

   15 tcf_annotated: _LIT_tcf LPAREN name COMMA formula_role COMMA tcf_formula annotations RPAREN PERIOD

   16 fof_annotated: _LIT_fof LPAREN name COMMA formula_role COMMA fof_formula annotations RPAREN PERIOD

   17 cnf_annotated: _LIT_cnf LPAREN name COMMA formula_role COMMA cnf_formula annotations RPAREN PERIOD

   18 annotations: COMMA source optional_info
   19            | nothing

   20 formula_role: lower_word
   21             | lower_word MINUS general_term

   22 thf_formula: thf_logic_formula
   23            | thf_atom_typing
   24            | thf_subtype

   25 thf_logic_formula: thf_unitary_formula
   26                  | thf_unary_formula
   27                  | thf_binary_formula
   28                  | thf_defined_infix
   29                  | thf_definition
   30                  | thf_sequent

   31 thf_binary_formula: thf_binary_nonassoc
   32                   | thf_binary_assoc
   33                   | thf_binary_type

   34 thf_binary_nonassoc: thf_unit_formula nonassoc_connective thf_unit_formula

   35 thf_binary_assoc: thf_or_formula
   36                 | thf_and_formula
   37                 | thf_apply_formula

   38 thf_or_formula: thf_unit_formula VLINE thf_unit_formula
   39               | thf_or_formula VLINE thf_unit_formula

   40 thf_and_formula: thf_unit_formula AMPERSAND thf_unit_formula
   41                | thf_and_formula AMPERSAND thf_unit_formula

   42 thf_apply_formula: thf_unit_formula AT_SIGN thf_unit_formula
   43                  | thf_apply_formula AT_SIGN thf_unit_formula

   44 thf_unit_formula: thf_unitary_formula
   45                 | thf_unary_formula
   46                 | thf_defined_infix

   47 thf_preunit_formula: thf_unitary_formula
   48                    | thf_prefix_unary

   49 thf_unitary_formula: thf_quantified_formula
   50                    | thf_atomic_formula
   51                    | variable
   52                    | LPAREN thf_logic_formula RPAREN

   53 thf_quantified_formula: thf_quantification thf_unit_formula

   54 thf_quantification: thf_quantifier LBRKT thf_variable_list RBRKT COLON

   55 thf_variable_list: thf_typed_variable
   56                  | thf_typed_variable COMMA thf_variable_list

   57 thf_typed_variable: variable COLON thf_top_level_type

   58 thf_unary_formula: thf_prefix_unary
   59                  | thf_infix_unary

   60 thf_prefix_unary: thf_unary_connective thf_preunit_formula

   61 thf_infix_unary: thf_unitary_term infix_inequality thf_unitary_term

   62 thf_atomic_formula: thf_plain_atomic
   63                   | thf_defined_atomic
   64                   | thf_system_atomic

   65 thf_plain_atomic: constant
   66                 | thf_tuple

   67 thf_defined_atomic: defined_constant
   68                   | thf_defined_term
   69                   | LPAREN thf_conn_term RPAREN
   70                   | nhf_long_connective
   71                   | thf_let

   72 thf_defined_term: defined_term
   73                 | th1_defined_term

   74 thf_defined_infix: thf_unitary_term defined_infix_pred thf_unitary_term

   75 thf_system_atomic: system_constant

   76 thf_let: _DLR_let LPAREN thf_let_types COMMA thf_let_defns COMMA thf_logic_formula RPAREN

   77 thf_let_types: thf_atom_typing
   78              | LBRKT thf_atom_typing_list RBRKT

   79 thf_atom_typing_list: thf_atom_typing
   80                     | thf_atom_typing COMMA thf_atom_typing_list

   81 thf_let_defns: thf_let_defn
   82              | LBRKT thf_let_defn_list RBRKT

   83 thf_let_defn: thf_logic_formula assignment thf_logic_formula

   84 thf_let_defn_list: thf_let_defn
   85                  | thf_let_defn COMMA thf_let_defn_list

   86 thf_unitary_term: thf_atomic_formula
   87                 | variable
   88                 | LPAREN thf_logic_formula RPAREN

   89 thf_conn_term: nonassoc_connective
   90              | assoc_connective
   91              | infix_equality
   92              | infix_inequality
   93              | thf_unary_connective

   94 thf_tuple: LBRKT RBRKT
   95          | LBRKT thf_formula_list RBRKT

   96 thf_formula_list: thf_logic_formula
   97                 | thf_logic_formula COMMA thf_formula_list

   98 thf_atom_typing: typeable_atom COLON thf_top_level_type
   99                | LPAREN thf_atom_typing RPAREN

  100 thf_top_level_type: thf_unitary_type
  101                   | thf_mapping_type
  102                   | thf_apply_type

  103 thf_unitary_type: thf_unitary_formula

  104 thf_apply_type: thf_apply_formula

  105 thf_binary_type: thf_mapping_type
  106                | thf_xprod_type
  107                | thf_union_type

  108 thf_mapping_type: thf_unitary_type arrow thf_unitary_type
  109                 | thf_unitary_type arrow thf_mapping_type

  110 thf_xprod_type: thf_unitary_type STAR thf_unitary_type
  111               | thf_xprod_type STAR thf_unitary_type

  112 thf_union_type: thf_unitary_type plus thf_unitary_type
  113               | thf_union_type plus thf_unitary_type

  114 thf_subtype: atomic_type subtype_sign atomic_type

  115 thf_definition: thf_atomic_formula identical thf_logic_formula

  116 thf_sequent: thf_tuple gentzen_arrow thf_tuple

  117 tff_formula: tff_logic_formula
  118            | tff_atom_typing
  119            | tff_subtype

  120 tff_logic_formula: tff_unitary_formula
  121                  | tff_unary_formula
  122                  | tff_binary_formula
  123                  | tff_defined_infix
  124                  | txf_definition
  125                  | txf_sequent

  126 tff_binary_formula: tff_binary_nonassoc
  127                   | tff_binary_assoc

  128 tff_binary_nonassoc: tff_unit_formula nonassoc_connective tff_unit_formula

  129 tff_binary_assoc: tff_or_formula
  130                 | tff_and_formula

  131 tff_or_formula: tff_unit_formula VLINE tff_unit_formula
  132               | tff_or_formula VLINE tff_unit_formula

  133 tff_and_formula: tff_unit_formula AMPERSAND tff_unit_formula
  134                | tff_and_formula AMPERSAND tff_unit_formula

  135 tff_unit_formula: tff_unitary_formula
  136                 | tff_unary_formula
  137                 | tff_defined_infix

  138 tff_preunit_formula: tff_unitary_formula
  139                    | tff_prefix_unary

  140 tff_unitary_formula: tff_quantified_formula
  141                    | tff_atomic_formula
  142                    | txf_unitary_formula
  143                    | LPAREN tff_logic_formula RPAREN

  144 txf_unitary_formula: variable

  145 tff_quantified_formula: tff_quantifier LBRKT tff_variable_list RBRKT COLON tff_unit_formula

  146 tff_variable_list: tff_variable
  147                  | tff_variable COMMA tff_variable_list

  148 tff_variable: tff_typed_variable
  149             | variable

  150 tff_typed_variable: variable COLON tff_atomic_type

  151 tff_unary_formula: tff_prefix_unary
  152                  | tff_infix_unary

  153 tff_prefix_unary: tff_unary_connective tff_preunit_formula

  154 tff_infix_unary: tff_unitary_term infix_inequality tff_unitary_term

  155 tff_atomic_formula: tff_plain_atomic
  156                   | tff_defined_atomic
  157                   | tff_system_atomic

  158 tff_plain_atomic: constant
  159                 | functor LPAREN tff_arguments RPAREN

  160 tff_defined_atomic: tff_defined_plain

  161 tff_defined_plain: defined_constant
  162                  | defined_functor LPAREN tff_arguments RPAREN
  163                  | nxf_atom
  164                  | txf_let

  165 tff_defined_infix: tff_unitary_term defined_infix_pred tff_unitary_term

  166 tff_system_atomic: system_constant
  167                  | system_functor LPAREN tff_arguments RPAREN

  168 txf_let: _DLR_let LPAREN txf_let_types COMMA txf_let_defns COMMA tff_term RPAREN

  169 txf_let_types: tff_atom_typing
  170              | LBRKT tff_atom_typing_list RBRKT

  171 tff_atom_typing_list: tff_atom_typing
  172                     | tff_atom_typing COMMA tff_atom_typing_list

  173 txf_let_defns: txf_let_defn
  174              | LBRKT txf_let_defn_list RBRKT

  175 txf_let_defn: txf_let_LHS assignment tff_term

  176 txf_let_LHS: tff_plain_atomic
  177            | txf_tuple

  178 txf_let_defn_list: txf_let_defn
  179                  | txf_let_defn COMMA txf_let_defn_list

  180 nxf_atom: nxf_long_connective AT_SIGN LPAREN tff_arguments RPAREN

  181 tff_term: tff_logic_formula
  182         | defined_term
  183         | txf_tuple

  184 tff_unitary_term: tff_atomic_formula
  185                 | defined_term
  186                 | txf_tuple
  187                 | variable
  188                 | LPAREN tff_logic_formula RPAREN

  189 txf_tuple: LBRKT RBRKT
  190          | LBRKT tff_arguments RBRKT

  191 tff_arguments: tff_term
  192              | tff_term COMMA tff_arguments

  193 tff_atom_typing: typeable_atom COLON tff_top_level_type
  194                | LPAREN tff_atom_typing RPAREN

  195 tff_top_level_type: tff_atomic_type
  196                   | tff_non_atomic_type

  197 tff_non_atomic_type: tff_mapping_type
  198                    | tf1_quantified_type
  199                    | LPAREN tff_non_atomic_type RPAREN

  200 tf1_quantified_type: type_quantifier LBRKT tff_variable_list RBRKT COLON tff_monotype

  201 tff_monotype: tff_atomic_type
  202             | LPAREN tff_mapping_type RPAREN
  203             | tf1_quantified_type

  204 tff_unitary_type: tff_atomic_type
  205                 | LPAREN tff_xprod_type RPAREN

  206 tff_atomic_type: type_constant
  207                | defined_type
  208                | variable
  209                | type_functor LPAREN tff_type_arguments RPAREN
  210                | LPAREN tff_atomic_type RPAREN
  211                | txf_tuple_type

  212 tff_type_arguments: tff_atomic_type
  213                   | tff_atomic_type COMMA tff_type_arguments

  214 tff_mapping_type: tff_unitary_type arrow tff_atomic_type

  215 tff_xprod_type: tff_unitary_type STAR tff_atomic_type
  216               | tff_xprod_type STAR tff_atomic_type

  217 txf_tuple_type: LBRKT tff_type_list RBRKT

  218 tff_type_list: tff_top_level_type
  219              | tff_top_level_type COMMA tff_type_list

  220 tff_subtype: atomic_type subtype_sign atomic_type

  221 txf_definition: tff_atomic_formula identical tff_term

  222 txf_sequent: txf_tuple gentzen_arrow txf_tuple

  223 nhf_long_connective: LBRACE ntf_connective_name RBRACE
  224                    | LBRACE ntf_connective_name LPAREN nhf_parameter_list RPAREN RBRACE

  225 nhf_parameter_list: nhf_parameter
  226                   | nhf_parameter COMMA nhf_parameter_list

  227 nhf_parameter: ntf_index
  228              | nhf_key_pair

  229 nhf_key_pair: thf_definition

  230 nxf_long_connective: LBRACE ntf_connective_name RBRACE
  231                    | LBRACE ntf_connective_name LPAREN nxf_parameter_list RPAREN RBRACE

  232 nxf_parameter_list: nxf_parameter
  233                   | nxf_parameter COMMA nxf_parameter_list

  234 nxf_parameter: ntf_index
  235              | nxf_key_pair

  236 nxf_key_pair: txf_definition

  237 ntf_connective_name: ntf_defined_connective
  238                    | atomic_system_word

  239 ntf_defined_connective: atomic_defined_word

  240 ntf_index: hash tff_unitary_term

  241 ntf_short_connective: LBRKT PERIOD RBRKT
  242                     | less_sign PERIOD arrow
  243                     | LBRACE PERIOD RBRACE
  244                     | LPAREN PERIOD RPAREN

  245 tcf_formula: tcf_logic_formula
  246            | tff_atom_typing

  247 tcf_logic_formula: tcf_quantified_formula
  248                  | cnf_formula

  249 tcf_quantified_formula: EXCLAMATION LBRKT tff_variable_list RBRKT COLON tcf_logic_formula

  250 fof_formula: fof_logic_formula
  251            | fof_sequent

  252 fof_logic_formula: fof_binary_formula
  253                  | fof_unary_formula
  254                  | fof_unitary_formula

  255 fof_binary_formula: fof_binary_nonassoc
  256                   | fof_binary_assoc

  257 fof_binary_nonassoc: fof_unit_formula nonassoc_connective fof_unit_formula

  258 fof_binary_assoc: fof_or_formula
  259                 | fof_and_formula

  260 fof_or_formula: fof_unit_formula VLINE fof_unit_formula
  261               | fof_or_formula VLINE fof_unit_formula

  262 fof_and_formula: fof_unit_formula AMPERSAND fof_unit_formula
  263                | fof_and_formula AMPERSAND fof_unit_formula

  264 fof_unary_formula: unary_connective fof_unit_formula
  265                  | fof_infix_unary

  266 fof_infix_unary: fof_term infix_inequality fof_term

  267 fof_unit_formula: fof_unitary_formula
  268                 | fof_unary_formula

  269 fof_unitary_formula: fof_quantified_formula
  270                    | fof_atomic_formula
  271                    | LPAREN fof_logic_formula RPAREN

  272 fof_quantified_formula: fof_quantifier LBRKT fof_variable_list RBRKT COLON fof_unit_formula

  273 fof_variable_list: variable
  274                  | variable COMMA fof_variable_list

  275 fof_atomic_formula: fof_plain_atomic_formula
  276                   | fof_defined_atomic_formula
  277                   | fof_system_atomic_formula

  278 fof_plain_atomic_formula: fof_plain_term

  279 fof_defined_atomic_formula: fof_defined_plain_formula
  280                           | fof_defined_infix_formula

  281 fof_defined_plain_formula: fof_defined_plain_term

  282 fof_defined_infix_formula: fof_term defined_infix_pred fof_term

  283 fof_system_atomic_formula: fof_system_term

  284 fof_plain_term: constant
  285               | functor LPAREN fof_arguments RPAREN

  286 fof_defined_term: defined_term
  287                 | fof_defined_atomic_term

  288 fof_defined_atomic_term: fof_defined_plain_term

  289 fof_defined_plain_term: defined_constant
  290                       | defined_functor LPAREN fof_arguments RPAREN

  291 fof_system_term: system_constant
  292                | system_functor LPAREN fof_arguments RPAREN

  293 fof_arguments: fof_term
  294              | fof_term COMMA fof_arguments

  295 fof_term: fof_function_term
  296         | variable

  297 fof_function_term: fof_plain_term
  298                  | fof_defined_term
  299                  | fof_system_term

  300 fof_sequent: fof_formula_tuple gentzen_arrow fof_formula_tuple
  301            | LPAREN fof_sequent RPAREN

  302 fof_formula_tuple: LBRKT RBRKT
  303                  | LBRKT fof_formula_tuple_list RBRKT

  304 fof_formula_tuple_list: fof_logic_formula
  305                       | fof_logic_formula COMMA fof_formula_tuple_list

  306 cnf_formula: cnf_disjunction
  307            | LPAREN cnf_formula RPAREN

  308 cnf_disjunction: cnf_literal
  309                | cnf_disjunction VLINE cnf_literal

  310 cnf_literal: fof_atomic_formula
  311            | TILDE fof_atomic_formula
  312            | TILDE LPAREN fof_atomic_formula RPAREN
  313            | fof_infix_unary

  314 thf_quantifier: tff_quantifier
  315               | th0_quantifier
  316               | type_quantifier

  317 thf_unary_connective: unary_connective
  318                     | ntf_short_connective

  319 th0_quantifier: CARET
  320               | AT_SIGN_PLUS
  321               | AT_SIGN_MINUS

  322 type_quantifier: EXCLAMATION_GREATER
  323                | QUESTION_STAR

  324 subtype_sign: LESS_LESS

  325 tff_unary_connective: unary_connective
  326                     | ntf_short_connective

  327 tff_quantifier: fof_quantifier
  328               | hash

  329 fof_quantifier: EXCLAMATION
  330               | QUESTION

  331 nonassoc_connective: LESS_EQUALS_GREATER
  332                    | EQUALS_GREATER
  333                    | LESS_EQUALS
  334                    | LESS_TILDE_GREATER
  335                    | TILDE_VLINE
  336                    | TILDE_AMPERSAND

  337 assoc_connective: VLINE
  338                 | AMPERSAND

  339 unary_connective: TILDE

  340 gentzen_arrow: MINUS_MINUS_GREATER

  341 assignment: COLON_EQUALS

  342 identical: EQUALS_EQUALS

  343 typeable_atom: constant
  344              | distinct_object

  345 atomic_type: typeable_atom
  346            | defined_constant
  347            | system_type

  348 type_constant: type_functor

  349 type_functor: atomic_word

  350 defined_type: atomic_defined_word

  351 system_type: atomic_system_word

  352 defined_infix_pred: infix_equality

  353 infix_equality: EQUALS

  354 infix_inequality: EXCLAMATION_EQUALS

  355 constant: functor

  356 functor: atomic_word

  357 defined_constant: defined_functor

  358 defined_functor: atomic_defined_word

  359 system_constant: system_functor

  360 system_functor: atomic_system_word

  361 th1_defined_term: EXCLAMATION_EXCLAMATION
  362                 | QUESTION_QUESTION
  363                 | AT_AT_SIGN_PLUS
  364                 | AT_AT_SIGN_MINUS
  365                 | AT_SIGN_EQUALS

  366 defined_term: number
  367             | distinct_object

  368 variable: upper_word

  369 source: dag_source
  370       | internal_source
  371       | external_source
  372       | _LIT_unknown
  373       | LBRKT sources RBRKT

  374 sources: source
  375        | source COMMA sources

  376 dag_source: name
  377           | inference_record

  378 inference_record: _LIT_inference LPAREN inference_rule COMMA useful_info COMMA parents RPAREN

  379 inference_rule: atomic_word

  380 internal_source: _LIT_introduced LPAREN intro_type COMMA useful_info COMMA parents RPAREN

  381 intro_type: atomic_word

  382 external_source: file_source
  383                | theory
  384                | creator_source

  385 file_source: _LIT_file LPAREN file_name file_info RPAREN

  386 file_info: COMMA name
  387          | nothing

  388 theory: _LIT_theory LPAREN theory_name optional_info RPAREN

  389 theory_name: atomic_word

  390 creator_source: _LIT_creator LPAREN creator_name COMMA useful_info COMMA parents RPAREN

  391 creator_name: atomic_word

  392 parents: LBRKT RBRKT
  393        | LBRKT parent_list RBRKT

  394 parent_list: parent_info
  395            | parent_info COMMA parent_list

  396 parent_info: source parent_details

  397 parent_details: COLON general_term
  398               | nothing

  399 optional_info: COMMA useful_info
  400              | nothing

  401 useful_info: general_list

  402 include: _LIT_include LPAREN file_name include_optionals RPAREN PERIOD

  403 include_optionals: nothing
  404                  | COMMA formula_selection
  405                  | COMMA formula_selection COMMA space_name

  406 formula_selection: LBRKT name_list RBRKT
  407                  | STAR

  408 name_list: name
  409          | name COMMA name_list

  410 space_name: name

  411 general_term: general_data
  412             | general_data COLON general_term
  413             | general_list

  414 general_data: atomic_word
  415             | general_function
  416             | variable
  417             | number
  418             | distinct_object
  419             | formula_data

  420 general_function: atomic_word LPAREN general_terms RPAREN

  421 formula_data: _DLR_thf LPAREN thf_formula RPAREN
  422             | _DLR_tff LPAREN tff_formula RPAREN
  423             | _DLR_fof LPAREN fof_formula RPAREN
  424             | _DLR_cnf LPAREN cnf_formula RPAREN
  425             | _DLR_fot LPAREN fof_term RPAREN

  426 general_list: LBRKT RBRKT
  427             | LBRKT general_terms RBRKT

  428 general_terms: general_term
  429              | general_term COMMA general_terms

  430 name: atomic_word
  431     | integer

  432 atomic_word: lower_word
  433            | single_quoted
  434            | back_quoted

  435 atomic_defined_word: dollar_word

  436 atomic_system_word: dollar_dollar_word

  437 number: integer
  438       | rational
  439       | real

  440 file_name: atomic_word

  441 nothing: %empty


Terminals, with rules where they appear

    $end (0) 0
    error (256)
    AMPERSAND <ival> (258) 40 41 133 134 262 263 338
    AT_AT_SIGN_MINUS <ival> (259) 364
    AT_AT_SIGN_PLUS <ival> (260) 363
    AT_SIGN <ival> (261) 42 43 180
    AT_SIGN_EQUALS <ival> (262) 365
    AT_SIGN_MINUS <ival> (263) 321
    AT_SIGN_PLUS <ival> (264) 320
    CARET <ival> (265) 319
    COLON <ival> (266) 54 57 98 145 150 193 200 249 272 397 412
    COLON_EQUALS <ival> (267) 341
    COMMA <ival> (268) 11 13 14 15 16 17 18 56 76 80 85 97 147 168 172 179 192 213 219 226 233 274 294 305 375 378 380 386 390 395 399 404 405 409 429
    EQUALS <ival> (269) 353
    EQUALS_EQUALS <ival> (270) 342
    EQUALS_GREATER <ival> (271) 332
    EXCLAMATION <ival> (272) 249 329
    EXCLAMATION_EQUALS <ival> (273) 354
    EXCLAMATION_EXCLAMATION <ival> (274) 361
    EXCLAMATION_GREATER <ival> (275) 322
    LBRACE <ival> (276) 223 224 230 231 243
    LBRKT <ival> (277) 54 78 82 94 95 145 170 174 189 190 200 217 241 249 272 302 303 373 392 393 406 426 427
    LESS_EQUALS <ival> (278) 333
    LESS_EQUALS_GREATER <ival> (279) 331
    LESS_LESS <ival> (280) 324
    LESS_TILDE_GREATER <ival> (281) 334
    LPAREN <ival> (282) 11 13 14 15 16 17 52 69 76 88 99 143 159 162 167 168 180 188 194 199 202 205 209 210 224 231 244 271 285 290 292 301 307 312 378 380 385 388 390 402 420 421 422 423 424 425
    MINUS <ival> (283) 21
    MINUS_MINUS_GREATER <ival> (284) 340
    PERIOD <ival> (285) 11 13 14 15 16 17 241 242 243 244 402
    QUESTION <ival> (286) 330
    QUESTION_QUESTION <ival> (287) 362
    QUESTION_STAR <ival> (288) 323
    RBRACE <ival> (289) 223 224 230 231 243
    RBRKT <ival> (290) 54 78 82 94 95 145 170 174 189 190 200 217 241 249 272 302 303 373 392 393 406 426 427
    RPAREN <ival> (291) 11 13 14 15 16 17 52 69 76 88 99 143 159 162 167 168 180 188 194 199 202 205 209 210 224 231 244 271 285 290 292 301 307 312 378 380 385 388 390 402 420 421 422 423 424 425
    STAR <ival> (292) 110 111 215 216 407
    TILDE <ival> (293) 311 312 339
    TILDE_AMPERSAND <ival> (294) 336
    TILDE_VLINE <ival> (295) 335
    VLINE <ival> (296) 38 39 131 132 260 261 309 337
    _DLR_cnf <ival> (297) 424
    _DLR_fof <ival> (298) 423
    _DLR_fot <ival> (299) 425
    _DLR_let <ival> (300) 76 168
    _DLR_tff <ival> (301) 422
    _DLR_thf <ival> (302) 421
    _LIT_cnf <ival> (303) 17
    _LIT_creator <ival> (304) 390
    _LIT_file <ival> (305) 385
    _LIT_fof <ival> (306) 16
    _LIT_include <ival> (307) 402
    _LIT_inference <ival> (308) 378
    _LIT_introduced <ival> (309) 380
    _LIT_tcf <ival> (310) 15
    _LIT_tff <ival> (311) 14
    _LIT_theory <ival> (312) 388
    _LIT_thf <ival> (313) 13
    _LIT_tpi <ival> (314) 11
    _LIT_unknown <ival> (315) 372
    arrow <ival> (316) 108 109 214 242
    back_quoted <ival> (317) 434
    distinct_object <ival> (318) 344 367 418
    dollar_dollar_word <ival> (319) 436
    dollar_word <ival> (320) 435
    hash <ival> (321) 240 328
    integer <ival> (322) 431 437
    less_sign <ival> (323) 242
    lower_word <ival> (324) 20 21 432
    plus <ival> (325) 112 113
    rational <ival> (326) 438
    real <ival> (327) 439
    single_quoted <ival> (328) 433
    slash <ival> (329)
    slosh <ival> (330)
    unrecognized <ival> (331)
    upper_word <ival> (332) 368


Nonterminals, with rules where they appear

    $accept (78)
        on left: 0
    TPTP_file (79)
        on left: 1 2
        on right: 0 2
    TPTP_input (80)
        on left: 3 4
        on right: 2
    annotated_formula (81)
        on left: 5 6 7 8 9 10
        on right: 3
    tpi_annotated (82)
        on left: 11
        on right: 10
    tpi_formula (83)
        on left: 12
        on right: 11
    thf_annotated (84)
        on left: 13
        on right: 5
    tff_annotated (85)
        on left: 14
        on right: 6
    tcf_annotated (86)
        on left: 15
        on right: 7
    fof_annotated (87)
        on left: 16
        on right: 8
    cnf_annotated (88)
        on left: 17
        on right: 9
    annotations (89)
        on left: 18 19
        on right: 11 13 14 15 16 17
    formula_role (90)
        on left: 20 21
        on right: 11 13 14 15 16 17
    thf_formula (91)
        on left: 22 23 24
        on right: 13 421
    thf_logic_formula (92)
        on left: 25 26 27 28 29 30
        on right: 22 52 76 83 88 96 97 115
    thf_binary_formula (93)
        on left: 31 32 33
        on right: 27
    thf_binary_nonassoc (94)
        on left: 34
        on right: 31
    thf_binary_assoc (95)
        on left: 35 36 37
        on right: 32
    thf_or_formula (96)
        on left: 38 39
        on right: 35 39
    thf_and_formula (97)
        on left: 40 41
        on right: 36 41
    thf_apply_formula (98)
        on left: 42 43
        on right: 37 43 104
    thf_unit_formula (99)
        on left: 44 45 46
        on right: 34 38 39 40 41 42 43 53
    thf_preunit_formula (100)
        on left: 47 48
        on right: 60
    thf_unitary_formula (101)
        on left: 49 50 51 52
        on right: 25 44 47 103
    thf_quantified_formula (102)
        on left: 53
        on right: 49
    thf_quantification (103)
        on left: 54
        on right: 53
    thf_variable_list (104)
        on left: 55 56
        on right: 54 56
    thf_typed_variable (105)
        on left: 57
        on right: 55 56
    thf_unary_formula (106)
        on left: 58 59
        on right: 26 45
    thf_prefix_unary (107)
        on left: 60
        on right: 48 58
    thf_infix_unary (108)
        on left: 61
        on right: 59
    thf_atomic_formula (109)
        on left: 62 63 64
        on right: 50 86 115
    thf_plain_atomic (110)
        on left: 65 66
        on right: 62
    thf_defined_atomic (111)
        on left: 67 68 69 70 71
        on right: 63
    thf_defined_term (112)
        on left: 72 73
        on right: 68
    thf_defined_infix (113)
        on left: 74
        on right: 28 46
    thf_system_atomic (114)
        on left: 75
        on right: 64
    thf_let (115)
        on left: 76
        on right: 71
    thf_let_types (116)
        on left: 77 78
        on right: 76
    thf_atom_typing_list (117)
        on left: 79 80
        on right: 78 80
    thf_let_defns (118)
        on left: 81 82
        on right: 76
    thf_let_defn (119)
        on left: 83
        on right: 81 84 85
    thf_let_defn_list (120)
        on left: 84 85
        on right: 82 85
    thf_unitary_term (121)
        on left: 86 87 88
        on right: 61 74
    thf_conn_term (122)
        on left: 89 90 91 92 93
        on right: 69
    thf_tuple (123)
        on left: 94 95
        on right: 66 116
    thf_formula_list (124)
        on left: 96 97
        on right: 95 97
    thf_atom_typing (125)
        on left: 98 99
        on right: 23 77 79 80 99
    thf_top_level_type (126)
        on left: 100 101 102
        on right: 57 98
    thf_unitary_type (127)
        on left: 103
        on right: 100 108 109 110 111 112 113
    thf_apply_type (128)
        on left: 104
        on right: 102
    thf_binary_type (129)
        on left: 105 106 107
        on right: 33
    thf_mapping_type (130)
        on left: 108 109
        on right: 101 105 109
    thf_xprod_type (131)
        on left: 110 111
        on right: 106 111
    thf_union_type (132)
        on left: 112 113
        on right: 107 113
    thf_subtype (133)
        on left: 114
        on right: 24
    thf_definition (134)
        on left: 115
        on right: 29 229
    thf_sequent (135)
        on left: 116
        on right: 30
    tff_formula (136)
        on left: 117 118 119
        on right: 14 422
    tff_logic_formula (137)
        on left: 120 121 122 123 124 125
        on right: 117 143 181 188
    tff_binary_formula (138)
        on left: 126 127
        on right: 122
    tff_binary_nonassoc (139)
        on left: 128
        on right: 126
    tff_binary_assoc (140)
        on left: 129 130
        on right: 127
    tff_or_formula (141)
        on left: 131 132
        on right: 129 132
    tff_and_formula (142)
        on left: 133 134
        on right: 130 134
    tff_unit_formula (143)
        on left: 135 136 137
        on right: 128 131 132 133 134 145
    tff_preunit_formula (144)
        on left: 138 139
        on right: 153
    tff_unitary_formula (145)
        on left: 140 141 142 143
        on right: 120 135 138
    txf_unitary_formula (146)
        on left: 144
        on right: 142
    tff_quantified_formula (147)
        on left: 145
        on right: 140
    tff_variable_list (148)
        on left: 146 147
        on right: 145 147 200 249
    tff_variable (149)
        on left: 148 149
        on right: 146 147
    tff_typed_variable (150)
        on left: 150
        on right: 148
    tff_unary_formula (151)
        on left: 151 152
        on right: 121 136
    tff_prefix_unary (152)
        on left: 153
        on right: 139 151
    tff_infix_unary (153)
        on left: 154
        on right: 152
    tff_atomic_formula (154)
        on left: 155 156 157
        on right: 141 184 221
    tff_plain_atomic (155)
        on left: 158 159
        on right: 155 176
    tff_defined_atomic (156)
        on left: 160
        on right: 156
    tff_defined_plain (157)
        on left: 161 162 163 164
        on right: 160
    tff_defined_infix (158)
        on left: 165
        on right: 123 137
    tff_system_atomic (159)
        on left: 166 167
        on right: 157
    txf_let (160)
        on left: 168
        on right: 164
    txf_let_types (161)
        on left: 169 170
        on right: 168
    tff_atom_typing_list (162)
        on left: 171 172
        on right: 170 172
    txf_let_defns (163)
        on left: 173 174
        on right: 168
    txf_let_defn (164)
        on left: 175
        on right: 173 178 179
    txf_let_LHS (165)
        on left: 176 177
        on right: 175
    txf_let_defn_list (166)
        on left: 178 179
        on right: 174 179
    nxf_atom (167)
        on left: 180
        on right: 163
    tff_term (168)
        on left: 181 182 183
        on right: 168 175 191 192 221
    tff_unitary_term (169)
        on left: 184 185 186 187 188
        on right: 154 165 240
    txf_tuple (170)
        on left: 189 190
        on right: 177 183 186 222
    tff_arguments (171)
        on left: 191 192
        on right: 159 162 167 180 190 192
    tff_atom_typing (172)
        on left: 193 194
        on right: 118 169 171 172 194 246
    tff_top_level_type (173)
        on left: 195 196
        on right: 193 218 219
    tff_non_atomic_type (174)
        on left: 197 198 199
        on right: 196 199
    tf1_quantified_type (175)
        on left: 200
        on right: 198 203
    tff_monotype (176)
        on left: 201 202 203
        on right: 200
    tff_unitary_type (177)
        on left: 204 205
        on right: 214 215
    tff_atomic_type (178)
        on left: 206 207 208 209 210 211
        on right: 150 195 201 204 210 212 213 214 215 216
    tff_type_arguments (179)
        on left: 212 213
        on right: 209 213
    tff_mapping_type (180)
        on left: 214
        on right: 197 202
    tff_xprod_type (181)
        on left: 215 216
        on right: 205 216
    txf_tuple_type (182)
        on left: 217
        on right: 211
    tff_type_list (183)
        on left: 218 219
        on right: 217 219
    tff_subtype (184)
        on left: 220
        on right: 119
    txf_definition (185)
        on left: 221
        on right: 124 236
    txf_sequent (186)
        on left: 222
        on right: 125
    nhf_long_connective (187)
        on left: 223 224
        on right: 70
    nhf_parameter_list (188)
        on left: 225 226
        on right: 224 226
    nhf_parameter (189)
        on left: 227 228
        on right: 225 226
    nhf_key_pair (190)
        on left: 229
        on right: 228
    nxf_long_connective (191)
        on left: 230 231
        on right: 180
    nxf_parameter_list (192)
        on left: 232 233
        on right: 231 233
    nxf_parameter (193)
        on left: 234 235
        on right: 232 233
    nxf_key_pair (194)
        on left: 236
        on right: 235
    ntf_connective_name (195)
        on left: 237 238
        on right: 223 224 230 231
    ntf_defined_connective (196)
        on left: 239
        on right: 237
    ntf_index (197)
        on left: 240
        on right: 227 234
    ntf_short_connective (198)
        on left: 241 242 243 244
        on right: 318 326
    tcf_formula (199)
        on left: 245 246
        on right: 15
    tcf_logic_formula (200)
        on left: 247 248
        on right: 245 249
    tcf_quantified_formula (201)
        on left: 249
        on right: 247
    fof_formula (202)
        on left: 250 251
        on right: 12 16 423
    fof_logic_formula (203)
        on left: 252 253 254
        on right: 250 271 304 305
    fof_binary_formula (204)
        on left: 255 256
        on right: 252
    fof_binary_nonassoc (205)
        on left: 257
        on right: 255
    fof_binary_assoc (206)
        on left: 258 259
        on right: 256
    fof_or_formula (207)
        on left: 260 261
        on right: 258 261
    fof_and_formula (208)
        on left: 262 263
        on right: 259 263
    fof_unary_formula (209)
        on left: 264 265
        on right: 253 268
    fof_infix_unary (210)
        on left: 266
        on right: 265 313
    fof_unit_formula (211)
        on left: 267 268
        on right: 257 260 261 262 263 264 272
    fof_unitary_formula (212)
        on left: 269 270 271
        on right: 254 267
    fof_quantified_formula (213)
        on left: 272
        on right: 269
    fof_variable_list (214)
        on left: 273 274
        on right: 272 274
    fof_atomic_formula (215)
        on left: 275 276 277
        on right: 270 310 311 312
    fof_plain_atomic_formula (216)
        on left: 278
        on right: 275
    fof_defined_atomic_formula (217)
        on left: 279 280
        on right: 276
    fof_defined_plain_formula (218)
        on left: 281
        on right: 279
    fof_defined_infix_formula (219)
        on left: 282
        on right: 280
    fof_system_atomic_formula (220)
        on left: 283
        on right: 277
    fof_plain_term (221)
        on left: 284 285
        on right: 278 297
    fof_defined_term (222)
        on left: 286 287
        on right: 298
    fof_defined_atomic_term (223)
        on left: 288
        on right: 287
    fof_defined_plain_term (224)
        on left: 289 290
        on right: 281 288
    fof_system_term (225)
        on left: 291 292
        on right: 283 299
    fof_arguments (226)
        on left: 293 294
        on right: 285 290 292 294
    fof_term (227)
        on left: 295 296
        on right: 266 282 293 294 425
    fof_function_term (228)
        on left: 297 298 299
        on right: 295
    fof_sequent (229)
        on left: 300 301
        on right: 251 301
    fof_formula_tuple (230)
        on left: 302 303
        on right: 300
    fof_formula_tuple_list (231)
        on left: 304 305
        on right: 303 305
    cnf_formula (232)
        on left: 306 307
        on right: 17 248 307 424
    cnf_disjunction (233)
        on left: 308 309
        on right: 306 309
    cnf_literal (234)
        on left: 310 311 312 313
        on right: 308 309
    thf_quantifier (235)
        on left: 314 315 316
        on right: 54
    thf_unary_connective (236)
        on left: 317 318
        on right: 60 93
    th0_quantifier (237)
        on left: 319 320 321
        on right: 315
    type_quantifier (238)
        on left: 322 323
        on right: 200 316
    subtype_sign (239)
        on left: 324
        on right: 114 220
    tff_unary_connective (240)
        on left: 325 326
        on right: 153
    tff_quantifier (241)
        on left: 327 328
        on right: 145 314
    fof_quantifier (242)
        on left: 329 330
        on right: 272 327
    nonassoc_connective (243)
        on left: 331 332 333 334 335 336
        on right: 34 89 128 257
    assoc_connective (244)
        on left: 337 338
        on right: 90
    unary_connective (245)
        on left: 339
        on right: 264 317 325
    gentzen_arrow (246)
        on left: 340
        on right: 116 222 300
    assignment (247)
        on left: 341
        on right: 83 175
    identical (248)
        on left: 342
        on right: 115 221
    typeable_atom (249)
        on left: 343 344
        on right: 98 193 345
    atomic_type (250)
        on left: 345 346 347
        on right: 114 220
    type_constant (251)
        on left: 348
        on right: 206
    type_functor (252)
        on left: 349
        on right: 209 348
    defined_type (253)
        on left: 350
        on right: 207
    system_type (254)
        on left: 351
        on right: 347
    defined_infix_pred (255)
        on left: 352
        on right: 74 165 282
    infix_equality (256)
        on left: 353
        on right: 91 352
    infix_inequality (257)
        on left: 354
        on right: 61 92 154 266
    constant (258)
        on left: 355
        on right: 65 158 284 343
    functor (259)
        on left: 356
        on right: 159 285 355
    defined_constant (260)
        on left: 357
        on right: 67 161 289 346
    defined_functor (261)
        on left: 358
        on right: 162 290 357
    system_constant (262)
        on left: 359
        on right: 75 166 291
    system_functor (263)
        on left: 360
        on right: 167 292 359
    th1_defined_term (264)
        on left: 361 362 363 364 365
        on right: 73
    defined_term (265)
        on left: 366 367
        on right: 72 182 185 286
    variable (266)
        on left: 368
        on right: 51 57 87 144 149 150 187 208 273 274 296 416
    source (267)
        on left: 369 370 371 372 373
        on right: 18 374 375 396
    sources (268)
        on left: 374 375
        on right: 373 375
    dag_source (269)
        on left: 376 377
        on right: 369
    inference_record (270)
        on left: 378
        on right: 377
    inference_rule (271)
        on left: 379
        on right: 378
    internal_source (272)
        on left: 380
        on right: 370
    intro_type (273)
        on left: 381
        on right: 380
    external_source (274)
        on left: 382 383 384
        on right: 371
    file_source (275)
        on left: 385
        on right: 382
    file_info (276)
        on left: 386 387
        on right: 385
    theory (277)
        on left: 388
        on right: 383
    theory_name (278)
        on left: 389
        on right: 388
    creator_source (279)
        on left: 390
        on right: 384
    creator_name (280)
        on left: 391
        on right: 390
    parents (281)
        on left: 392 393
        on right: 378 380 390
    parent_list (282)
        on left: 394 395
        on right: 393 395
    parent_info (283)
        on left: 396
        on right: 394 395
    parent_details (284)
        on left: 397 398
        on right: 396
    optional_info (285)
        on left: 399 400
        on right: 18 388
    useful_info (286)
        on left: 401
        on right: 378 380 390 399
    include (287)
        on left: 402
        on right: 4
    include_optionals (288)
        on left: 403 404 405
        on right: 402
    formula_selection (289)
        on left: 406 407
        on right: 404 405
    name_list (290)
        on left: 408 409
        on right: 406 409
    space_name (291)
        on left: 410
        on right: 405
    general_term (292)
        on left: 411 412 413
        on right: 21 397 412 428 429
    general_data (293)
        on left: 414 415 416 417 418 419
        on right: 411 412
    general_function (294)
        on left: 420
        on right: 415
    formula_data (295)
        on left: 421 422 423 424 425
        on right: 419
    general_list (296)
        on left: 426 427
        on right: 401 413
    general_terms (297)
        on left: 428 429
        on right: 420 427 429
    name (298)
        on left: 430 431
        on right: 11 13 14 15 16 17 376 386 408 409 410
    atomic_word (299)
        on left: 432 433 434
        on right: 349 356 379 381 389 391 414 420 430 440
    atomic_defined_word (300)
        on left: 435
        on right: 239 350 358
    atomic_system_word (301)
        on left: 436
        on right: 238 351 360
    number (302)
        on left: 437 438 439
        on right: 366 417
    file_name (303)
        on left: 440
        on right: 385 402
    nothing (304)
        on left: 441
        on right: 1 19 387 398 400 403


State 0

    0 $accept: . TPTP_file $end

    $default  reduce using rule 441 (nothing)

    TPTP_file  go to state 1
    nothing    go to state 2


State 1

    0 $accept: TPTP_file . $end
    2 TPTP_file: TPTP_file . TPTP_input

    $end          shift, and go to state 3
    _LIT_cnf      shift, and go to state 4
    _LIT_fof      shift, and go to state 5
    _LIT_include  shift, and go to state 6
    _LIT_tcf      shift, and go to state 7
    _LIT_tff      shift, and go to state 8
    _LIT_thf      shift, and go to state 9
    _LIT_tpi      shift, and go to state 10

    TPTP_input         go to state 11
    annotated_formula  go to state 12
    tpi_annotated      go to state 13
    thf_annotated      go to state 14
    tff_annotated      go to state 15
    tcf_annotated      go to state 16
    fof_annotated      go to state 17
    cnf_annotated      go to state 18
    include            go to state 19


State 2

    1 TPTP_file: nothing .

    $default  reduce using rule 1 (TPTP_file)


State 3

    0 $accept: TPTP_file $end .

    $default  accept


State 4

   17 cnf_annotated: _LIT_cnf . LPAREN name COMMA formula_role COMMA cnf_formula annotations RPAREN PERIOD

    LPAREN  shift, and go to state 20


State 5

   16 fof_annotated: _LIT_fof . LPAREN name COMMA formula_role COMMA fof_formula annotations RPAREN PERIOD

    LPAREN  shift, and go to state 21


State 6

  402 include: _LIT_include . LPAREN file_name include_optionals RPAREN PERIOD

    LPAREN  shift, and go to state 22


State 7

   15 tcf_annotated: _LIT_tcf . LPAREN name COMMA formula_role COMMA tcf_formula annotations RPAREN PERIOD

    LPAREN  shift, and go to state 23


State 8

   14 tff_annotated: _LIT_tff . LPAREN name COMMA formula_role COMMA tff_formula annotations RPAREN PERIOD

    LPAREN  shift, and go to state 24


State 9

   13 thf_annotated: _LIT_thf . LPAREN name COMMA formula_role COMMA thf_formula annotations RPAREN PERIOD

    LPAREN  shift, and go to state 25


State 10

   11 tpi_annotated: _LIT_tpi . LPAREN name COMMA formula_role COMMA tpi_formula annotations RPAREN PERIOD

    LPAREN  shift, and go to state 26


State 11

    2 TPTP_file: TPTP_file TPTP_input .

    $default  reduce using rule 2 (TPTP_file)


State 12

    3 TPTP_input: annotated_formula .

    $default  reduce using rule 3 (TPTP_input)


State 13

   10 annotated_formula: tpi_annotated .

    $default  reduce using rule 10 (annotated_formula)


State 14

    5 annotated_formula: thf_annotated .

    $default  reduce using rule 5 (annotated_formula)


State 15

    6 annotated_formula: tff_annotated .

    $default  reduce using rule 6 (annotated_formula)


State 16

    7 annotated_formula: tcf_annotated .

    $default  reduce using rule 7 (annotated_formula)


State 17

    8 annotated_formula: fof_annotated .

    $default  reduce using rule 8 (annotated_formula)


State 18

    9 annotated_formula: cnf_annotated .

    $default  reduce using rule 9 (annotated_formula)


State 19

    4 TPTP_input: include .

    $default  reduce using rule 4 (TPTP_input)


State 20

   17 cnf_annotated: _LIT_cnf LPAREN . name COMMA formula_role COMMA cnf_formula annotations RPAREN PERIOD

    back_quoted    shift, and go to state 27
    integer        shift, and go to state 28
    lower_word     shift, and go to state 29
    single_quoted  shift, and go to state 30

    name         go to state 31
    atomic_word  go to state 32


State 21

   16 fof_annotated: _LIT_fof LPAREN . name COMMA formula_role COMMA fof_formula annotations RPAREN PERIOD

    back_quoted    shift, and go to state 27
    integer        shift, and go to state 28
    lower_word     shift, and go to state 29
    single_quoted  shift, and go to state 30

    name         go to state 33
    atomic_word  go to state 32


State 22

  402 include: _LIT_include LPAREN . file_name include_optionals RPAREN PERIOD

    back_quoted    shift, and go to state 27
    lower_word     shift, and go to state 29
    single_quoted  shift, and go to state 30

    atomic_word  go to state 34
    file_name    go to state 35


State 23

   15 tcf_annotated: _LIT_tcf LPAREN . name COMMA formula_role COMMA tcf_formula annotations RPAREN PERIOD

    back_quoted    shift, and go to state 27
    integer        shift, and go to state 28
    lower_word     shift, and go to state 29
    single_quoted  shift, and go to state 30

    name         go to state 36
    atomic_word  go to state 32


State 24

   14 tff_annotated: _LIT_tff LPAREN . name COMMA formula_role COMMA tff_formula annotations RPAREN PERIOD

    back_quoted    shift, and go to state 27
    integer        shift, and go to state 28
    lower_word     shift, and go to state 29
    single_quoted  shift, and go to state 30

    name         go to state 37
    atomic_word  go to state 32


State 25

   13 thf_annotated: _LIT_thf LPAREN . name COMMA formula_role COMMA thf_formula annotations RPAREN PERIOD

    back_quoted    shift, and go to state 27
    integer        shift, and go to state 28
    lower_word     shift, and go to state 29
    single_quoted  shift, and go to state 30

    name         go to state 38
    atomic_word  go to state 32


State 26

   11 tpi_annotated: _LIT_tpi LPAREN . name COMMA formula_role COMMA tpi_formula annotations RPAREN PERIOD

    back_quoted    shift, and go to state 27
    integer        shift, and go to state 28
    lower_word     shift, and go to state 29
    single_quoted  shift, and go to state 30

    name         go to state 39
    atomic_word  go to state 32


State 27

  434 atomic_word: back_quoted .

    $default  reduce using rule 434 (atomic_word)


State 28

  431 name: integer .

    $default  reduce using rule 431 (name)


State 29

  432 atomic_word: lower_word .

    $default  reduce using rule 432 (atomic_word)


State 30

  433 atomic_word: single_quoted .

    $default  reduce using rule 433 (atomic_word)


State 31

   17 cnf_annotated: _LIT_cnf LPAREN name . COMMA formula_role COMMA cnf_formula annotations RPAREN PERIOD

    COMMA  shift, and go to state 40


State 32

  430 name: atomic_word .

    $default  reduce using rule 430 (name)


State 33

   16 fof_annotated: _LIT_fof LPAREN name . COMMA formula_role COMMA fof_formula annotations RPAREN PERIOD

    COMMA  shift, and go to state 41


State 34

  440 file_name: atomic_word .

    $default  reduce using rule 440 (file_name)


State 35

  402 include: _LIT_include LPAREN file_name . include_optionals RPAREN PERIOD

    COMMA  shift, and go to state 42

    $default  reduce using rule 441 (nothing)

    include_optionals  go to state 43
    nothing            go to state 44


State 36

   15 tcf_annotated: _LIT_tcf LPAREN name . COMMA formula_role COMMA tcf_formula annotations RPAREN PERIOD

    COMMA  shift, and go to state 45


State 37

   14 tff_annotated: _LIT_tff LPAREN name . COMMA formula_role COMMA tff_formula annotations RPAREN PERIOD

    COMMA  shift, and go to state 46


State 38

   13 thf_annotated: _LIT_thf LPAREN name . COMMA formula_role COMMA thf_formula annotations RPAREN PERIOD

    COMMA  shift, and go to state 47


State 39

   11 tpi_annotated: _LIT_tpi LPAREN name . COMMA formula_role COMMA tpi_formula annotations RPAREN PERIOD

    COMMA  shift, and go to state 48


State 40

   17 cnf_annotated: _LIT_cnf LPAREN name COMMA . formula_role COMMA cnf_formula annotations RPAREN PERIOD

    lower_word  shift, and go to state 49

    formula_role  go to state 50


State 41

   16 fof_annotated: _LIT_fof LPAREN name COMMA . formula_role COMMA fof_formula annotations RPAREN PERIOD

    lower_word  shift, and go to state 49

    formula_role  go to state 51


State 42

  404 include_optionals: COMMA . formula_selection
  405                  | COMMA . formula_selection COMMA space_name

    LBRKT  shift, and go to state 52
    STAR   shift, and go to state 53

    formula_selection  go to state 54


State 43

  402 include: _LIT_include LPAREN file_name include_optionals . RPAREN PERIOD

    RPAREN  shift, and go to state 55


State 44

  403 include_optionals: nothing .

    $default  reduce using rule 403 (include_optionals)


State 45

   15 tcf_annotated: _LIT_tcf LPAREN name COMMA . formula_role COMMA tcf_formula annotations RPAREN PERIOD

    lower_word  shift, and go to state 49

    formula_role  go to state 56


State 46

   14 tff_annotated: _LIT_tff LPAREN name COMMA . formula_role COMMA tff_formula annotations RPAREN PERIOD

    lower_word  shift, and go to state 49

    formula_role  go to state 57


State 47

   13 thf_annotated: _LIT_thf LPAREN name COMMA . formula_role COMMA thf_formula annotations RPAREN PERIOD

    lower_word  shift, and go to state 49

    formula_role  go to state 58


State 48

   11 tpi_annotated: _LIT_tpi LPAREN name COMMA . formula_role COMMA tpi_formula annotations RPAREN PERIOD

    lower_word  shift, and go to state 49

    formula_role  go to state 59


State 49

   20 formula_role: lower_word .
   21             | lower_word . MINUS general_term

    MINUS  shift, and go to state 60

    $default  reduce using rule 20 (formula_role)


State 50

   17 cnf_annotated: _LIT_cnf LPAREN name COMMA formula_role . COMMA cnf_formula annotations RPAREN PERIOD

    COMMA  shift, and go to state 61


State 51

   16 fof_annotated: _LIT_fof LPAREN name COMMA formula_role . COMMA fof_formula annotations RPAREN PERIOD

    COMMA  shift, and go to state 62


State 52

  406 formula_selection: LBRKT . name_list RBRKT

    back_quoted    shift, and go to state 27
    integer        shift, and go to state 28
    lower_word     shift, and go to state 29
    single_quoted  shift, and go to state 30

    name_list    go to state 63
    name         go to state 64
    atomic_word  go to state 32


State 53

  407 formula_selection: STAR .

    $default  reduce using rule 407 (formula_selection)


State 54

  404 include_optionals: COMMA formula_selection .
  405                  | COMMA formula_selection . COMMA space_name

    COMMA  shift, and go to state 65

    $default  reduce using rule 404 (include_optionals)


State 55

  402 include: _LIT_include LPAREN file_name include_optionals RPAREN . PERIOD

    PERIOD  shift, and go to state 66


State 56

   15 tcf_annotated: _LIT_tcf LPAREN name COMMA formula_role . COMMA tcf_formula annotations RPAREN PERIOD

    COMMA  shift, and go to state 67


State 57

   14 tff_annotated: _LIT_tff LPAREN name COMMA formula_role . COMMA tff_formula annotations RPAREN PERIOD

    COMMA  shift, and go to state 68


State 58

   13 thf_annotated: _LIT_thf LPAREN name COMMA formula_role . COMMA thf_formula annotations RPAREN PERIOD

    COMMA  shift, and go to state 69


State 59

   11 tpi_annotated: _LIT_tpi LPAREN name COMMA formula_role . COMMA tpi_formula annotations RPAREN PERIOD

    COMMA  shift, and go to state 70


State 60

   21 formula_role: lower_word MINUS . general_term

    LBRKT            shift, and go to state 71
    _DLR_cnf         shift, and go to state 72
    _DLR_fof         shift, and go to state 73
    _DLR_fot         shift, and go to state 74
    _DLR_tff         shift, and go to state 75
    _DLR_thf         shift, and go to state 76
    back_quoted      shift, and go to state 27
    distinct_object  shift, and go to state 77
    integer          shift, and go to state 78
    lower_word       shift, and go to state 29
    rational         shift, and go to state 79
    real             shift, and go to state 80
    single_quoted    shift, and go to state 30
    upper_word       shift, and go to state 81

    variable          go to state 82
    general_term      go to state 83
    general_data      go to state 84
    general_function  go to state 85
    formula_data      go to state 86
    general_list      go to state 87
    atomic_word       go to state 88
    number            go to state 89


State 61

   17 cnf_annotated: _LIT_cnf LPAREN name COMMA formula_role COMMA . cnf_formula annotations RPAREN PERIOD

    LPAREN              shift, and go to state 90
    TILDE               shift, and go to state 91
    back_quoted         shift, and go to state 27
    distinct_object     shift, and go to state 92
    dollar_dollar_word  shift, and go to state 93
    dollar_word         shift, and go to state 94
    integer             shift, and go to state 78
    lower_word          shift, and go to state 29
    rational            shift, and go to state 79
    real                shift, and go to state 80
    single_quoted       shift, and go to state 30
    upper_word          shift, and go to state 81

    fof_infix_unary             go to state 95
    fof_atomic_formula          go to state 96
    fof_plain_atomic_formula    go to state 97
    fof_defined_atomic_formula  go to state 98
    fof_defined_plain_formula   go to state 99
    fof_defined_infix_formula   go to state 100
    fof_system_atomic_formula   go to state 101
    fof_plain_term              go to state 102
    fof_defined_term            go to state 103
    fof_defined_atomic_term     go to state 104
    fof_defined_plain_term      go to state 105
    fof_system_term             go to state 106
    fof_term                    go to state 107
    fof_function_term           go to state 108
    cnf_formula                 go to state 109
    cnf_disjunction             go to state 110
    cnf_literal                 go to state 111
    constant                    go to state 112
    functor                     go to state 113
    defined_constant            go to state 114
    defined_functor             go to state 115
    system_constant             go to state 116
    system_functor              go to state 117
    defined_term                go to state 118
    variable                    go to state 119
    atomic_word                 go to state 120
    atomic_defined_word         go to state 121
    atomic_system_word          go to state 122
    number                      go to state 123


State 62

   16 fof_annotated: _LIT_fof LPAREN name COMMA formula_role COMMA . fof_formula annotations RPAREN PERIOD

    EXCLAMATION         shift, and go to state 124
    LBRKT               shift, and go to state 125
    LPAREN              shift, and go to state 126
    QUESTION            shift, and go to state 127
    TILDE               shift, and go to state 128
    back_quoted         shift, and go to state 27
    distinct_object     shift, and go to state 92
    dollar_dollar_word  shift, and go to state 93
    dollar_word         shift, and go to state 94
    integer             shift, and go to state 78
    lower_word          shift, and go to state 29
    rational            shift, and go to state 79
    real                shift, and go to state 80
    single_quoted       shift, and go to state 30
    upper_word          shift, and go to state 81

    fof_formula                 go to state 129
    fof_logic_formula           go to state 130
    fof_binary_formula          go to state 131
    fof_binary_nonassoc         go to state 132
    fof_binary_assoc            go to state 133
    fof_or_formula              go to state 134
    fof_and_formula             go to state 135
    fof_unary_formula           go to state 136
    fof_infix_unary             go to state 137
    fof_unit_formula            go to state 138
    fof_unitary_formula         go to state 139
    fof_quantified_formula      go to state 140
    fof_atomic_formula          go to state 141
    fof_plain_atomic_formula    go to state 97
    fof_defined_atomic_formula  go to state 98
    fof_defined_plain_formula   go to state 99
    fof_defined_infix_formula   go to state 100
    fof_system_atomic_formula   go to state 101
    fof_plain_term              go to state 102
    fof_defined_term            go to state 103
    fof_defined_atomic_term     go to state 104
    fof_defined_plain_term      go to state 105
    fof_system_term             go to state 106
    fof_term                    go to state 107
    fof_function_term           go to state 108
    fof_sequent                 go to state 142
    fof_formula_tuple           go to state 143
    fof_quantifier              go to state 144
    unary_connective            go to state 145
    constant                    go to state 112
    functor                     go to state 113
    defined_constant            go to state 114
    defined_functor             go to state 115
    system_constant             go to state 116
    system_functor              go to state 117
    defined_term                go to state 118
    variable                    go to state 119
    atomic_word                 go to state 120
    atomic_defined_word         go to state 121
    atomic_system_word          go to state 122
    number                      go to state 123


State 63

  406 formula_selection: LBRKT name_list . RBRKT

    RBRKT  shift, and go to state 146


State 64

  408 name_list: name .
  409          | name . COMMA name_list

    COMMA  shift, and go to state 147

    $default  reduce using rule 408 (name_list)


State 65

  405 include_optionals: COMMA formula_selection COMMA . space_name

    back_quoted    shift, and go to state 27
    integer        shift, and go to state 28
    lower_word     shift, and go to state 29
    single_quoted  shift, and go to state 30

    space_name   go to state 148
    name         go to state 149
    atomic_word  go to state 32


State 66

  402 include: _LIT_include LPAREN file_name include_optionals RPAREN PERIOD .

    $default  reduce using rule 402 (include)


State 67

   15 tcf_annotated: _LIT_tcf LPAREN name COMMA formula_role COMMA . tcf_formula annotations RPAREN PERIOD

    EXCLAMATION         shift, and go to state 150
    LPAREN              shift, and go to state 151
    TILDE               shift, and go to state 91
    back_quoted         shift, and go to state 27
    distinct_object     shift, and go to state 152
    dollar_dollar_word  shift, and go to state 93
    dollar_word         shift, and go to state 94
    integer             shift, and go to state 78
    lower_word          shift, and go to state 29
    rational            shift, and go to state 79
    real                shift, and go to state 80
    single_quoted       shift, and go to state 30
    upper_word          shift, and go to state 81

    tff_atom_typing             go to state 153
    tcf_formula                 go to state 154
    tcf_logic_formula           go to state 155
    tcf_quantified_formula      go to state 156
    fof_infix_unary             go to state 95
    fof_atomic_formula          go to state 96
    fof_plain_atomic_formula    go to state 97
    fof_defined_atomic_formula  go to state 98
    fof_defined_plain_formula   go to state 99
    fof_defined_infix_formula   go to state 100
    fof_system_atomic_formula   go to state 101
    fof_plain_term              go to state 102
    fof_defined_term            go to state 103
    fof_defined_atomic_term     go to state 104
    fof_defined_plain_term      go to state 105
    fof_system_term             go to state 106
    fof_term                    go to state 107
    fof_function_term           go to state 108
    cnf_formula                 go to state 157
    cnf_disjunction             go to state 110
    cnf_literal                 go to state 111
    typeable_atom               go to state 158
    constant                    go to state 159
    functor                     go to state 113
    defined_constant            go to state 114
    defined_functor             go to state 115
    system_constant             go to state 116
    system_functor              go to state 117
    defined_term                go to state 118
    variable                    go to state 119
    atomic_word                 go to state 120
    atomic_defined_word         go to state 121
    atomic_system_word          go to state 122
    number                      go to state 123


State 68

   14 tff_annotated: _LIT_tff LPAREN name COMMA formula_role COMMA . tff_formula annotations RPAREN PERIOD

    EXCLAMATION         shift, and go to state 124
    LBRACE              shift, and go to state 160
    LBRKT               shift, and go to state 161
    LPAREN              shift, and go to state 162
    QUESTION            shift, and go to state 127
    TILDE               shift, and go to state 128
    _DLR_let            shift, and go to state 163
    back_quoted         shift, and go to state 27
    distinct_object     shift, and go to state 152
    dollar_dollar_word  shift, and go to state 93
    dollar_word         shift, and go to state 94
    hash                shift, and go to state 164
    integer             shift, and go to state 78
    less_sign           shift, and go to state 165
    lower_word          shift, and go to state 29
    rational            shift, and go to state 79
    real                shift, and go to state 80
    single_quoted       shift, and go to state 30
    upper_word          shift, and go to state 81

    tff_formula             go to state 166
    tff_logic_formula       go to state 167
    tff_binary_formula      go to state 168
    tff_binary_nonassoc     go to state 169
    tff_binary_assoc        go to state 170
    tff_or_formula          go to state 171
    tff_and_formula         go to state 172
    tff_unit_formula        go to state 173
    tff_unitary_formula     go to state 174
    txf_unitary_formula     go to state 175
    tff_quantified_formula  go to state 176
    tff_unary_formula       go to state 177
    tff_prefix_unary        go to state 178
    tff_infix_unary         go to state 179
    tff_atomic_formula      go to state 180
    tff_plain_atomic        go to state 181
    tff_defined_atomic      go to state 182
    tff_defined_plain       go to state 183
    tff_defined_infix       go to state 184
    tff_system_atomic       go to state 185
    txf_let                 go to state 186
    nxf_atom                go to state 187
    tff_unitary_term        go to state 188
    txf_tuple               go to state 189
    tff_atom_typing         go to state 190
    tff_subtype             go to state 191
    txf_definition          go to state 192
    txf_sequent             go to state 193
    nxf_long_connective     go to state 194
    ntf_short_connective    go to state 195
    tff_unary_connective    go to state 196
    tff_quantifier          go to state 197
    fof_quantifier          go to state 198
    unary_connective        go to state 199
    typeable_atom           go to state 200
    atomic_type             go to state 201
    system_type             go to state 202
    constant                go to state 203
    functor                 go to state 204
    defined_constant        go to state 205
    defined_functor         go to state 206
    system_constant         go to state 207
    system_functor          go to state 208
    defined_term            go to state 209
    variable                go to state 210
    atomic_word             go to state 120
    atomic_defined_word     go to state 121
    atomic_system_word      go to state 211
    number                  go to state 123


State 69

   13 thf_annotated: _LIT_thf LPAREN name COMMA formula_role COMMA . thf_formula annotations RPAREN PERIOD

    AT_AT_SIGN_MINUS         shift, and go to state 212
    AT_AT_SIGN_PLUS          shift, and go to state 213
    AT_SIGN_EQUALS           shift, and go to state 214
    AT_SIGN_MINUS            shift, and go to state 215
    AT_SIGN_PLUS             shift, and go to state 216
    CARET                    shift, and go to state 217
    EXCLAMATION              shift, and go to state 124
    EXCLAMATION_EXCLAMATION  shift, and go to state 218
    EXCLAMATION_GREATER      shift, and go to state 219
    LBRACE                   shift, and go to state 220
    LBRKT                    shift, and go to state 221
    LPAREN                   shift, and go to state 222
    QUESTION                 shift, and go to state 127
    QUESTION_QUESTION        shift, and go to state 223
    QUESTION_STAR            shift, and go to state 224
    TILDE                    shift, and go to state 128
    _DLR_let                 shift, and go to state 225
    back_quoted              shift, and go to state 27
    distinct_object          shift, and go to state 152
    dollar_dollar_word       shift, and go to state 93
    dollar_word              shift, and go to state 94
    hash                     shift, and go to state 164
    integer                  shift, and go to state 78
    less_sign                shift, and go to state 165
    lower_word               shift, and go to state 29
    rational                 shift, and go to state 79
    real                     shift, and go to state 80
    single_quoted            shift, and go to state 30
    upper_word               shift, and go to state 81

    thf_formula             go to state 226
    thf_logic_formula       go to state 227
    thf_binary_formula      go to state 228
    thf_binary_nonassoc     go to state 229
    thf_binary_assoc        go to state 230
    thf_or_formula          go to state 231
    thf_and_formula         go to state 232
    thf_apply_formula       go to state 233
    thf_unit_formula        go to state 234
    thf_unitary_formula     go to state 235
    thf_quantified_formula  go to state 236
    thf_quantification      go to state 237
    thf_unary_formula       go to state 238
    thf_prefix_unary        go to state 239
    thf_infix_unary         go to state 240
    thf_atomic_formula      go to state 241
    thf_plain_atomic        go to state 242
    thf_defined_atomic      go to state 243
    thf_defined_term        go to state 244
    thf_defined_infix       go to state 245
    thf_system_atomic       go to state 246
    thf_let                 go to state 247
    thf_unitary_term        go to state 248
    thf_tuple               go to state 249
    thf_atom_typing         go to state 250
    thf_unitary_type        go to state 251
    thf_binary_type         go to state 252
    thf_mapping_type        go to state 253
    thf_xprod_type          go to state 254
    thf_union_type          go to state 255
    thf_subtype             go to state 256
    thf_definition          go to state 257
    thf_sequent             go to state 258
    nhf_long_connective     go to state 259
    ntf_short_connective    go to state 260
    thf_quantifier          go to state 261
    thf_unary_connective    go to state 262
    th0_quantifier          go to state 263
    type_quantifier         go to state 264
    tff_quantifier          go to state 265
    fof_quantifier          go to state 198
    unary_connective        go to state 266
    typeable_atom           go to state 267
    atomic_type             go to state 268
    system_type             go to state 202
    constant                go to state 269
    functor                 go to state 270
    defined_constant        go to state 271
    defined_functor         go to state 272
    system_constant         go to state 273
    system_functor          go to state 274
    th1_defined_term        go to state 275
    defined_term            go to state 276
    variable                go to state 277
    atomic_word             go to state 120
    atomic_defined_word     go to state 121
    atomic_system_word      go to state 211
    number                  go to state 123


State 70

   11 tpi_annotated: _LIT_tpi LPAREN name COMMA formula_role COMMA . tpi_formula annotations RPAREN PERIOD

    EXCLAMATION         shift, and go to state 124
    LBRKT               shift, and go to state 125
    LPAREN              shift, and go to state 126
    QUESTION            shift, and go to state 127
    TILDE               shift, and go to state 128
    back_quoted         shift, and go to state 27
    distinct_object     shift, and go to state 92
    dollar_dollar_word  shift, and go to state 93
    dollar_word         shift, and go to state 94
    integer             shift, and go to state 78
    lower_word          shift, and go to state 29
    rational            shift, and go to state 79
    real                shift, and go to state 80
    single_quoted       shift, and go to state 30
    upper_word          shift, and go to state 81

    tpi_formula                 go to state 278
    fof_formula                 go to state 279
    fof_logic_formula           go to state 130
    fof_binary_formula          go to state 131
    fof_binary_nonassoc         go to state 132
    fof_binary_assoc            go to state 133
    fof_or_formula              go to state 134
    fof_and_formula             go to state 135
    fof_unary_formula           go to state 136
    fof_infix_unary             go to state 137
    fof_unit_formula            go to state 138
    fof_unitary_formula         go to state 139
    fof_quantified_formula      go to state 140
    fof_atomic_formula          go to state 141
    fof_plain_atomic_formula    go to state 97
    fof_defined_atomic_formula  go to state 98
    fof_defined_plain_formula   go to state 99
    fof_defined_infix_formula   go to state 100
    fof_system_atomic_formula   go to state 101
    fof_plain_term              go to state 102
    fof_defined_term            go to state 103
    fof_defined_atomic_term     go to state 104
    fof_defined_plain_term      go to state 105
    fof_system_term             go to state 106
    fof_term                    go to state 107
    fof_function_term           go to state 108
    fof_sequent                 go to state 142
    fof_formula_tuple           go to state 143
    fof_quantifier              go to state 144
    unary_connective            go to state 145
    constant                    go to state 112
    functor                     go to state 113
    defined_constant            go to state 114
    defined_functor             go to state 115
    system_constant             go to state 116
    system_functor              go to state 117
    defined_term                go to state 118
    variable                    go to state 119
    atomic_word                 go to state 120
    atomic_defined_word         go to state 121
    atomic_system_word          go to state 122
    number                      go to state 123


State 71

  426 general_list: LBRKT . RBRKT
  427             | LBRKT . general_terms RBRKT

    LBRKT            shift, and go to state 71
    RBRKT            shift, and go to state 280
    _DLR_cnf         shift, and go to state 72
    _DLR_fof         shift, and go to state 73
    _DLR_fot         shift, and go to state 74
    _DLR_tff         shift, and go to state 75
    _DLR_thf         shift, and go to state 76
    back_quoted      shift, and go to state 27
    distinct_object  shift, and go to state 77
    integer          shift, and go to state 78
    lower_word       shift, and go to state 29
    rational         shift, and go to state 79
    real             shift, and go to state 80
    single_quoted    shift, and go to state 30
    upper_word       shift, and go to state 81

    variable          go to state 82
    general_term      go to state 281
    general_data      go to state 84
    general_function  go to state 85
    formula_data      go to state 86
    general_list      go to state 87
    general_terms     go to state 282
    atomic_word       go to state 88
    number            go to state 89


State 72

  424 formula_data: _DLR_cnf . LPAREN cnf_formula RPAREN

    LPAREN  shift, and go to state 283


State 73

  423 formula_data: _DLR_fof . LPAREN fof_formula RPAREN

    LPAREN  shift, and go to state 284


State 74

  425 formula_data: _DLR_fot . LPAREN fof_term RPAREN

    LPAREN  shift, and go to state 285


State 75

  422 formula_data: _DLR_tff . LPAREN tff_formula RPAREN

    LPAREN  shift, and go to state 286


State 76

  421 formula_data: _DLR_thf . LPAREN thf_formula RPAREN

    LPAREN  shift, and go to state 287


State 77

  418 general_data: distinct_object .

    $default  reduce using rule 418 (general_data)


State 78

  437 number: integer .

    $default  reduce using rule 437 (number)


State 79

  438 number: rational .

    $default  reduce using rule 438 (number)


State 80

  439 number: real .

    $default  reduce using rule 439 (number)


State 81

  368 variable: upper_word .

    $default  reduce using rule 368 (variable)


State 82

  416 general_data: variable .

    $default  reduce using rule 416 (general_data)


State 83

   21 formula_role: lower_word MINUS general_term .

    $default  reduce using rule 21 (formula_role)


State 84

  411 general_term: general_data .
  412             | general_data . COLON general_term

    COLON  shift, and go to state 288

    $default  reduce using rule 411 (general_term)


State 85

  415 general_data: general_function .

    $default  reduce using rule 415 (general_data)


State 86

  419 general_data: formula_data .

    $default  reduce using rule 419 (general_data)


State 87

  413 general_term: general_list .

    $default  reduce using rule 413 (general_term)


State 88

  414 general_data: atomic_word .
  420 general_function: atomic_word . LPAREN general_terms RPAREN

    LPAREN  shift, and go to state 289

    $default  reduce using rule 414 (general_data)


State 89

  417 general_data: number .

    $default  reduce using rule 417 (general_data)


State 90

  307 cnf_formula: LPAREN . cnf_formula RPAREN

    LPAREN              shift, and go to state 90
    TILDE               shift, and go to state 91
    back_quoted         shift, and go to state 27
    distinct_object     shift, and go to state 92
    dollar_dollar_word  shift, and go to state 93
    dollar_word         shift, and go to state 94
    integer             shift, and go to state 78
    lower_word          shift, and go to state 29
    rational            shift, and go to state 79
    real                shift, and go to state 80
    single_quoted       shift, and go to state 30
    upper_word          shift, and go to state 81

    fof_infix_unary             go to state 95
    fof_atomic_formula          go to state 96
    fof_plain_atomic_formula    go to state 97
    fof_defined_atomic_formula  go to state 98
    fof_defined_plain_formula   go to state 99
    fof_defined_infix_formula   go to state 100
    fof_system_atomic_formula   go to state 101
    fof_plain_term              go to state 102
    fof_defined_term            go to state 103
    fof_defined_atomic_term     go to state 104
    fof_defined_plain_term      go to state 105
    fof_system_term             go to state 106
    fof_term                    go to state 107
    fof_function_term           go to state 108
    cnf_formula                 go to state 290
    cnf_disjunction             go to state 110
    cnf_literal                 go to state 111
    constant                    go to state 112
    functor                     go to state 113
    defined_constant            go to state 114
    defined_functor             go to state 115
    system_constant             go to state 116
    system_functor              go to state 117
    defined_term                go to state 118
    variable                    go to state 119
    atomic_word                 go to state 120
    atomic_defined_word         go to state 121
    atomic_system_word          go to state 122
    number                      go to state 123


State 91

  311 cnf_literal: TILDE . fof_atomic_formula
  312            | TILDE . LPAREN fof_atomic_formula RPAREN

    LPAREN              shift, and go to state 291
    back_quoted         shift, and go to state 27
    distinct_object     shift, and go to state 92
    dollar_dollar_word  shift, and go to state 93
    dollar_word         shift, and go to state 94
    integer             shift, and go to state 78
    lower_word          shift, and go to state 29
    rational            shift, and go to state 79
    real                shift, and go to state 80
    single_quoted       shift, and go to state 30
    upper_word          shift, and go to state 81

    fof_atomic_formula          go to state 292
    fof_plain_atomic_formula    go to state 97
    fof_defined_atomic_formula  go to state 98
    fof_defined_plain_formula   go to state 99
    fof_defined_infix_formula   go to state 100
    fof_system_atomic_formula   go to state 101
    fof_plain_term              go to state 102
    fof_defined_term            go to state 103
    fof_defined_atomic_term     go to state 104
    fof_defined_plain_term      go to state 105
    fof_system_term             go to state 106
    fof_term                    go to state 293
    fof_function_term           go to state 108
    constant                    go to state 112
    functor                     go to state 113
    defined_constant            go to state 114
    defined_functor             go to state 115
    system_constant             go to state 116
    system_functor              go to state 117
    defined_term                go to state 118
    variable                    go to state 119
    atomic_word                 go to state 120
    atomic_defined_word         go to state 121
    atomic_system_word          go to state 122
    number                      go to state 123


State 92

  367 defined_term: distinct_object .

    $default  reduce using rule 367 (defined_term)


State 93

  436 atomic_system_word: dollar_dollar_word .

    $default  reduce using rule 436 (atomic_system_word)


State 94

  435 atomic_defined_word: dollar_word .

    $default  reduce using rule 435 (atomic_defined_word)


State 95

  313 cnf_literal: fof_infix_unary .

    $default  reduce using rule 313 (cnf_literal)


State 96

  310 cnf_literal: fof_atomic_formula .

    $default  reduce using rule 310 (cnf_literal)


State 97

  275 fof_atomic_formula: fof_plain_atomic_formula .

    $default  reduce using rule 275 (fof_atomic_formula)


State 98

  276 fof_atomic_formula: fof_defined_atomic_formula .

    $default  reduce using rule 276 (fof_atomic_formula)


State 99

  279 fof_defined_atomic_formula: fof_defined_plain_formula .

    $default  reduce using rule 279 (fof_defined_atomic_formula)


State 100

  280 fof_defined_atomic_formula: fof_defined_infix_formula .

    $default  reduce using rule 280 (fof_defined_atomic_formula)


State 101

  277 fof_atomic_formula: fof_system_atomic_formula .

    $default  reduce using rule 277 (fof_atomic_formula)


State 102

  278 fof_plain_atomic_formula: fof_plain_term .
  297 fof_function_term: fof_plain_term .

    EQUALS              reduce using rule 297 (fof_function_term)
    EXCLAMATION_EQUALS  reduce using rule 297 (fof_function_term)
    $default            reduce using rule 278 (fof_plain_atomic_formula)


State 103

  298 fof_function_term: fof_defined_term .

    $default  reduce using rule 298 (fof_function_term)


State 104

  287 fof_defined_term: fof_defined_atomic_term .

    $default  reduce using rule 287 (fof_defined_term)


State 105

  281 fof_defined_plain_formula: fof_defined_plain_term .
  288 fof_defined_atomic_term: fof_defined_plain_term .

    EQUALS              reduce using rule 288 (fof_defined_atomic_term)
    EXCLAMATION_EQUALS  reduce using rule 288 (fof_defined_atomic_term)
    $default            reduce using rule 281 (fof_defined_plain_formula)


State 106

  283 fof_system_atomic_formula: fof_system_term .
  299 fof_function_term: fof_system_term .

    EQUALS              reduce using rule 299 (fof_function_term)
    EXCLAMATION_EQUALS  reduce using rule 299 (fof_function_term)
    $default            reduce using rule 283 (fof_system_atomic_formula)


State 107

  266 fof_infix_unary: fof_term . infix_inequality fof_term
  282 fof_defined_infix_formula: fof_term . defined_infix_pred fof_term

    EQUALS              shift, and go to state 294
    EXCLAMATION_EQUALS  shift, and go to state 295

    defined_infix_pred  go to state 296
    infix_equality      go to state 297
    infix_inequality    go to state 298


State 108

  295 fof_term: fof_function_term .

    $default  reduce using rule 295 (fof_term)


State 109

   17 cnf_annotated: _LIT_cnf LPAREN name COMMA formula_role COMMA cnf_formula . annotations RPAREN PERIOD

    COMMA  shift, and go to state 299

    $default  reduce using rule 441 (nothing)

    annotations  go to state 300
    nothing      go to state 301


State 110

  306 cnf_formula: cnf_disjunction .
  309 cnf_disjunction: cnf_disjunction . VLINE cnf_literal

    VLINE  shift, and go to state 302

    $default  reduce using rule 306 (cnf_formula)


State 111

  308 cnf_disjunction: cnf_literal .

    $default  reduce using rule 308 (cnf_disjunction)


State 112

  284 fof_plain_term: constant .

    $default  reduce using rule 284 (fof_plain_term)


State 113

  285 fof_plain_term: functor . LPAREN fof_arguments RPAREN
  355 constant: functor .

    LPAREN  shift, and go to state 303

    $default  reduce using rule 355 (constant)


State 114

  289 fof_defined_plain_term: defined_constant .

    $default  reduce using rule 289 (fof_defined_plain_term)


State 115

  290 fof_defined_plain_term: defined_functor . LPAREN fof_arguments RPAREN
  357 defined_constant: defined_functor .

    LPAREN  shift, and go to state 304

    $default  reduce using rule 357 (defined_constant)


State 116

  291 fof_system_term: system_constant .

    $default  reduce using rule 291 (fof_system_term)


State 117

  292 fof_system_term: system_functor . LPAREN fof_arguments RPAREN
  359 system_constant: system_functor .

    LPAREN  shift, and go to state 305

    $default  reduce using rule 359 (system_constant)


State 118

  286 fof_defined_term: defined_term .

    $default  reduce using rule 286 (fof_defined_term)


State 119

  296 fof_term: variable .

    $default  reduce using rule 296 (fof_term)


State 120

  356 functor: atomic_word .

    $default  reduce using rule 356 (functor)


State 121

  358 defined_functor: atomic_defined_word .

    $default  reduce using rule 358 (defined_functor)


State 122

  360 system_functor: atomic_system_word .

    $default  reduce using rule 360 (system_functor)


State 123

  366 defined_term: number .

    $default  reduce using rule 366 (defined_term)


State 124

  329 fof_quantifier: EXCLAMATION .

    $default  reduce using rule 329 (fof_quantifier)


State 125

  302 fof_formula_tuple: LBRKT . RBRKT
  303                  | LBRKT . fof_formula_tuple_list RBRKT

    EXCLAMATION         shift, and go to state 124
    LPAREN              shift, and go to state 306
    QUESTION            shift, and go to state 127
    RBRKT               shift, and go to state 307
    TILDE               shift, and go to state 128
    back_quoted         shift, and go to state 27
    distinct_object     shift, and go to state 92
    dollar_dollar_word  shift, and go to state 93
    dollar_word         shift, and go to state 94
    integer             shift, and go to state 78
    lower_word          shift, and go to state 29
    rational            shift, and go to state 79
    real                shift, and go to state 80
    single_quoted       shift, and go to state 30
    upper_word          shift, and go to state 81

    fof_logic_formula           go to state 308
    fof_binary_formula          go to state 131
    fof_binary_nonassoc         go to state 132
    fof_binary_assoc            go to state 133
    fof_or_formula              go to state 134
    fof_and_formula             go to state 135
    fof_unary_formula           go to state 136
    fof_infix_unary             go to state 137
    fof_unit_formula            go to state 138
    fof_unitary_formula         go to state 139
    fof_quantified_formula      go to state 140
    fof_atomic_formula          go to state 141
    fof_plain_atomic_formula    go to state 97
    fof_defined_atomic_formula  go to state 98
    fof_defined_plain_formula   go to state 99
    fof_defined_infix_formula   go to state 100
    fof_system_atomic_formula   go to state 101
    fof_plain_term              go to state 102
    fof_defined_term            go to state 103
    fof_defined_atomic_term     go to state 104
    fof_defined_plain_term      go to state 105
    fof_system_term             go to state 106
    fof_term                    go to state 107
    fof_function_term           go to state 108
    fof_formula_tuple_list      go to state 309
    fof_quantifier              go to state 144
    unary_connective            go to state 145
    constant                    go to state 112
    functor                     go to state 113
    defined_constant            go to state 114
    defined_functor             go to state 115
    system_constant             go to state 116
    system_functor              go to state 117
    defined_term                go to state 118
    variable                    go to state 119
    atomic_word                 go to state 120
    atomic_defined_word         go to state 121
    atomic_system_word          go to state 122
    number                      go to state 123


State 126

  271 fof_unitary_formula: LPAREN . fof_logic_formula RPAREN
  301 fof_sequent: LPAREN . fof_sequent RPAREN

    EXCLAMATION         shift, and go to state 124
    LBRKT               shift, and go to state 125
    LPAREN              shift, and go to state 126
    QUESTION            shift, and go to state 127
    TILDE               shift, and go to state 128
    back_quoted         shift, and go to state 27
    distinct_object     shift, and go to state 92
    dollar_dollar_word  shift, and go to state 93
    dollar_word         shift, and go to state 94
    integer             shift, and go to state 78
    lower_word          shift, and go to state 29
    rational            shift, and go to state 79
    real                shift, and go to state 80
    single_quoted       shift, and go to state 30
    upper_word          shift, and go to state 81

    fof_logic_formula           go to state 310
    fof_binary_formula          go to state 131
    fof_binary_nonassoc         go to state 132
    fof_binary_assoc            go to state 133
    fof_or_formula              go to state 134
    fof_and_formula             go to state 135
    fof_unary_formula           go to state 136
    fof_infix_unary             go to state 137
    fof_unit_formula            go to state 138
    fof_unitary_formula         go to state 139
    fof_quantified_formula      go to state 140
    fof_atomic_formula          go to state 141
    fof_plain_atomic_formula    go to state 97
    fof_defined_atomic_formula  go to state 98
    fof_defined_plain_formula   go to state 99
    fof_defined_infix_formula   go to state 100
    fof_system_atomic_formula   go to state 101
    fof_plain_term              go to state 102
    fof_defined_term            go to state 103
    fof_defined_atomic_term     go to state 104
    fof_defined_plain_term      go to state 105
    fof_system_term             go to state 106
    fof_term                    go to state 107
    fof_function_term           go to state 108
    fof_sequent                 go to state 311
    fof_formula_tuple           go to state 143
    fof_quantifier              go to state 144
    unary_connective            go to state 145
    constant                    go to state 112
    functor                     go to state 113
    defined_constant            go to state 114
    defined_functor             go to state 115
    system_constant             go to state 116
    system_functor              go to state 117
    defined_term                go to state 118
    variable                    go to state 119
    atomic_word                 go to state 120
    atomic_defined_word         go to state 121
    atomic_system_word          go to state 122
    number                      go to state 123


State 127

  330 fof_quantifier: QUESTION .

    $default  reduce using rule 330 (fof_quantifier)


State 128

  339 unary_connective: TILDE .

    $default  reduce using rule 339 (unary_connective)


State 129

   16 fof_annotated: _LIT_fof LPAREN name COMMA formula_role COMMA fof_formula . annotations RPAREN PERIOD

    COMMA  shift, and go to state 299

    $default  reduce using rule 441 (nothing)

    annotations  go to state 312
    nothing      go to state 301


State 130

  250 fof_formula: fof_logic_formula .

    $default  reduce using rule 250 (fof_formula)


State 131

  252 fof_logic_formula: fof_binary_formula .

    $default  reduce using rule 252 (fof_logic_formula)


State 132

  255 fof_binary_formula: fof_binary_nonassoc .

    $default  reduce using rule 255 (fof_binary_formula)


State 133

  256 fof_binary_formula: fof_binary_assoc .

    $default  reduce using rule 256 (fof_binary_formula)


State 134

  258 fof_binary_assoc: fof_or_formula .
  261 fof_or_formula: fof_or_formula . VLINE fof_unit_formula

    VLINE  shift, and go to state 313

    $default  reduce using rule 258 (fof_binary_assoc)


State 135

  259 fof_binary_assoc: fof_and_formula .
  263 fof_and_formula: fof_and_formula . AMPERSAND fof_unit_formula

    AMPERSAND  shift, and go to state 314

    $default  reduce using rule 259 (fof_binary_assoc)


State 136

  253 fof_logic_formula: fof_unary_formula .
  268 fof_unit_formula: fof_unary_formula .

    COMMA     reduce using rule 253 (fof_logic_formula)
    RBRKT     reduce using rule 253 (fof_logic_formula)
    RPAREN    reduce using rule 253 (fof_logic_formula)
    $default  reduce using rule 268 (fof_unit_formula)


State 137

  265 fof_unary_formula: fof_infix_unary .

    $default  reduce using rule 265 (fof_unary_formula)


State 138

  257 fof_binary_nonassoc: fof_unit_formula . nonassoc_connective fof_unit_formula
  260 fof_or_formula: fof_unit_formula . VLINE fof_unit_formula
  262 fof_and_formula: fof_unit_formula . AMPERSAND fof_unit_formula

    AMPERSAND            shift, and go to state 315
    EQUALS_GREATER       shift, and go to state 316
    LESS_EQUALS          shift, and go to state 317
    LESS_EQUALS_GREATER  shift, and go to state 318
    LESS_TILDE_GREATER   shift, and go to state 319
    TILDE_AMPERSAND      shift, and go to state 320
    TILDE_VLINE          shift, and go to state 321
    VLINE                shift, and go to state 322

    nonassoc_connective  go to state 323


State 139

  254 fof_logic_formula: fof_unitary_formula .
  267 fof_unit_formula: fof_unitary_formula .

    COMMA     reduce using rule 254 (fof_logic_formula)
    RBRKT     reduce using rule 254 (fof_logic_formula)
    RPAREN    reduce using rule 254 (fof_logic_formula)
    $default  reduce using rule 267 (fof_unit_formula)


State 140

  269 fof_unitary_formula: fof_quantified_formula .

    $default  reduce using rule 269 (fof_unitary_formula)


State 141

  270 fof_unitary_formula: fof_atomic_formula .

    $default  reduce using rule 270 (fof_unitary_formula)


State 142

  251 fof_formula: fof_sequent .

    $default  reduce using rule 251 (fof_formula)


State 143

  300 fof_sequent: fof_formula_tuple . gentzen_arrow fof_formula_tuple

    MINUS_MINUS_GREATER  shift, and go to state 324

    gentzen_arrow  go to state 325


State 144

  272 fof_quantified_formula: fof_quantifier . LBRKT fof_variable_list RBRKT COLON fof_unit_formula

    LBRKT  shift, and go to state 326


State 145

  264 fof_unary_formula: unary_connective . fof_unit_formula

    EXCLAMATION         shift, and go to state 124
    LPAREN              shift, and go to state 306
    QUESTION            shift, and go to state 127
    TILDE               shift, and go to state 128
    back_quoted         shift, and go to state 27
    distinct_object     shift, and go to state 92
    dollar_dollar_word  shift, and go to state 93
    dollar_word         shift, and go to state 94
    integer             shift, and go to state 78
    lower_word          shift, and go to state 29
    rational            shift, and go to state 79
    real                shift, and go to state 80
    single_quoted       shift, and go to state 30
    upper_word          shift, and go to state 81

    fof_unary_formula           go to state 327
    fof_infix_unary             go to state 137
    fof_unit_formula            go to state 328
    fof_unitary_formula         go to state 329
    fof_quantified_formula      go to state 140
    fof_atomic_formula          go to state 141
    fof_plain_atomic_formula    go to state 97
    fof_defined_atomic_formula  go to state 98
    fof_defined_plain_formula   go to state 99
    fof_defined_infix_formula   go to state 100
    fof_system_atomic_formula   go to state 101
    fof_plain_term              go to state 102
    fof_defined_term            go to state 103
    fof_defined_atomic_term     go to state 104
    fof_defined_plain_term      go to state 105
    fof_system_term             go to state 106
    fof_term                    go to state 107
    fof_function_term           go to state 108
    fof_quantifier              go to state 144
    unary_connective            go to state 145
    constant                    go to state 112
    functor                     go to state 113
    defined_constant            go to state 114
    defined_functor             go to state 115
    system_constant             go to state 116
    system_functor              go to state 117
    defined_term                go to state 118
    variable                    go to state 119
    atomic_word                 go to state 120
    atomic_defined_word         go to state 121
    atomic_system_word          go to state 122
    number                      go to state 123


State 146

  406 formula_selection: LBRKT name_list RBRKT .

    $default  reduce using rule 406 (formula_selection)


State 147

  409 name_list: name COMMA . name_list

    back_quoted    shift, and go to state 27
    integer        shift, and go to state 28
    lower_word     shift, and go to state 29
    single_quoted  shift, and go to state 30

    name_list    go to state 330
    name         go to state 64
    atomic_word  go to state 32


State 148

  405 include_optionals: COMMA formula_selection COMMA space_name .

    $default  reduce using rule 405 (include_optionals)


State 149

  410 space_name: name .

    $default  reduce using rule 410 (space_name)


State 150

  249 tcf_quantified_formula: EXCLAMATION . LBRKT tff_variable_list RBRKT COLON tcf_logic_formula

    LBRKT  shift, and go to state 331


State 151

  194 tff_atom_typing: LPAREN . tff_atom_typing RPAREN
  307 cnf_formula: LPAREN . cnf_formula RPAREN

    LPAREN              shift, and go to state 151
    TILDE               shift, and go to state 91
    back_quoted         shift, and go to state 27
    distinct_object     shift, and go to state 152
    dollar_dollar_word  shift, and go to state 93
    dollar_word         shift, and go to state 94
    integer             shift, and go to state 78
    lower_word          shift, and go to state 29
    rational            shift, and go to state 79
    real                shift, and go to state 80
    single_quoted       shift, and go to state 30
    upper_word          shift, and go to state 81

    tff_atom_typing             go to state 332
    fof_infix_unary             go to state 95
    fof_atomic_formula          go to state 96
    fof_plain_atomic_formula    go to state 97
    fof_defined_atomic_formula  go to state 98
    fof_defined_plain_formula   go to state 99
    fof_defined_infix_formula   go to state 100
    fof_system_atomic_formula   go to state 101
    fof_plain_term              go to state 102
    fof_defined_term            go to state 103
    fof_defined_atomic_term     go to state 104
    fof_defined_plain_term      go to state 105
    fof_system_term             go to state 106
    fof_term                    go to state 107
    fof_function_term           go to state 108
    cnf_formula                 go to state 290
    cnf_disjunction             go to state 110
    cnf_literal                 go to state 111
    typeable_atom               go to state 158
    constant                    go to state 159
    functor                     go to state 113
    defined_constant            go to state 114
    defined_functor             go to state 115
    system_constant             go to state 116
    system_functor              go to state 117
    defined_term                go to state 118
    variable                    go to state 119
    atomic_word                 go to state 120
    atomic_defined_word         go to state 121
    atomic_system_word          go to state 122
    number                      go to state 123


State 152

  344 typeable_atom: distinct_object .
  367 defined_term: distinct_object .

    COLON      reduce using rule 344 (typeable_atom)
    LESS_LESS  reduce using rule 344 (typeable_atom)
    $default   reduce using rule 367 (defined_term)


State 153

  246 tcf_formula: tff_atom_typing .

    $default  reduce using rule 246 (tcf_formula)


State 154

   15 tcf_annotated: _LIT_tcf LPAREN name COMMA formula_role COMMA tcf_formula . annotations RPAREN PERIOD

    COMMA  shift, and go to state 299

    $default  reduce using rule 441 (nothing)

    annotations  go to state 333
    nothing      go to state 301


State 155

  245 tcf_formula: tcf_logic_formula .

    $default  reduce using rule 245 (tcf_formula)


State 156

  247 tcf_logic_formula: tcf_quantified_formula .

    $default  reduce using rule 247 (tcf_logic_formula)


State 157

  248 tcf_logic_formula: cnf_formula .

    $default  reduce using rule 248 (tcf_logic_formula)


State 158

  193 tff_atom_typing: typeable_atom . COLON tff_top_level_type

    COLON  shift, and go to state 334


State 159

  284 fof_plain_term: constant .
  343 typeable_atom: constant .

    COLON     reduce using rule 343 (typeable_atom)
    $default  reduce using rule 284 (fof_plain_term)


State 160

  230 nxf_long_connective: LBRACE . ntf_connective_name RBRACE
  231                    | LBRACE . ntf_connective_name LPAREN nxf_parameter_list RPAREN RBRACE
  243 ntf_short_connective: LBRACE . PERIOD RBRACE

    PERIOD              shift, and go to state 335
    dollar_dollar_word  shift, and go to state 93
    dollar_word         shift, and go to state 94

    ntf_connective_name     go to state 336
    ntf_defined_connective  go to state 337
    atomic_defined_word     go to state 338
    atomic_system_word      go to state 339


State 161

  189 txf_tuple: LBRKT . RBRKT
  190          | LBRKT . tff_arguments RBRKT
  241 ntf_short_connective: LBRKT . PERIOD RBRKT

    EXCLAMATION         shift, and go to state 124
    LBRACE              shift, and go to state 160
    LBRKT               shift, and go to state 161
    LPAREN              shift, and go to state 340
    PERIOD              shift, and go to state 341
    QUESTION            shift, and go to state 127
    RBRKT               shift, and go to state 342
    TILDE               shift, and go to state 128
    _DLR_let            shift, and go to state 163
    back_quoted         shift, and go to state 27
    distinct_object     shift, and go to state 92
    dollar_dollar_word  shift, and go to state 93
    dollar_word         shift, and go to state 94
    hash                shift, and go to state 164
    integer             shift, and go to state 78
    less_sign           shift, and go to state 165
    lower_word          shift, and go to state 29
    rational            shift, and go to state 79
    real                shift, and go to state 80
    single_quoted       shift, and go to state 30
    upper_word          shift, and go to state 81

    tff_logic_formula       go to state 343
    tff_binary_formula      go to state 168
    tff_binary_nonassoc     go to state 169
    tff_binary_assoc        go to state 170
    tff_or_formula          go to state 171
    tff_and_formula         go to state 172
    tff_unit_formula        go to state 173
    tff_unitary_formula     go to state 174
    txf_unitary_formula     go to state 175
    tff_quantified_formula  go to state 176
    tff_unary_formula       go to state 177
    tff_prefix_unary        go to state 178
    tff_infix_unary         go to state 179
    tff_atomic_formula      go to state 180
    tff_plain_atomic        go to state 181
    tff_defined_atomic      go to state 182
    tff_defined_plain       go to state 183
    tff_defined_infix       go to state 184
    tff_system_atomic       go to state 185
    txf_let                 go to state 186
    nxf_atom                go to state 187
    tff_term                go to state 344
    tff_unitary_term        go to state 188
    txf_tuple               go to state 345
    tff_arguments           go to state 346
    txf_definition          go to state 192
    txf_sequent             go to state 193
    nxf_long_connective     go to state 194
    ntf_short_connective    go to state 195
    tff_unary_connective    go to state 196
    tff_quantifier          go to state 197
    fof_quantifier          go to state 198
    unary_connective        go to state 199
    constant                go to state 347
    functor                 go to state 204
    defined_constant        go to state 348
    defined_functor         go to state 206
    system_constant         go to state 207
    system_functor          go to state 208
    defined_term            go to state 349
    variable                go to state 210
    atomic_word             go to state 120
    atomic_defined_word     go to state 121
    atomic_system_word      go to state 122
    number                  go to state 123


State 162

  143 tff_unitary_formula: LPAREN . tff_logic_formula RPAREN
  188 tff_unitary_term: LPAREN . tff_logic_formula RPAREN
  194 tff_atom_typing: LPAREN . tff_atom_typing RPAREN
  244 ntf_short_connective: LPAREN . PERIOD RPAREN

    EXCLAMATION         shift, and go to state 124
    LBRACE              shift, and go to state 160
    LBRKT               shift, and go to state 161
    LPAREN              shift, and go to state 162
    PERIOD              shift, and go to state 350
    QUESTION            shift, and go to state 127
    TILDE               shift, and go to state 128
    _DLR_let            shift, and go to state 163
    back_quoted         shift, and go to state 27
    distinct_object     shift, and go to state 152
    dollar_dollar_word  shift, and go to state 93
    dollar_word         shift, and go to state 94
    hash                shift, and go to state 164
    integer             shift, and go to state 78
    less_sign           shift, and go to state 165
    lower_word          shift, and go to state 29
    rational            shift, and go to state 79
    real                shift, and go to state 80
    single_quoted       shift, and go to state 30
    upper_word          shift, and go to state 81

    tff_logic_formula       go to state 351
    tff_binary_formula      go to state 168
    tff_binary_nonassoc     go to state 169
    tff_binary_assoc        go to state 170
    tff_or_formula          go to state 171
    tff_and_formula         go to state 172
    tff_unit_formula        go to state 173
    tff_unitary_formula     go to state 174
    txf_unitary_formula     go to state 175
    tff_quantified_formula  go to state 176
    tff_unary_formula       go to state 177
    tff_prefix_unary        go to state 178
    tff_infix_unary         go to state 179
    tff_atomic_formula      go to state 180
    tff_plain_atomic        go to state 181
    tff_defined_atomic      go to state 182
    tff_defined_plain       go to state 183
    tff_defined_infix       go to state 184
    tff_system_atomic       go to state 185
    txf_let                 go to state 186
    nxf_atom                go to state 187
    tff_unitary_term        go to state 188
    txf_tuple               go to state 189
    tff_atom_typing         go to state 332
    txf_definition          go to state 192
    txf_sequent             go to state 193
    nxf_long_connective     go to state 194
    ntf_short_connective    go to state 195
    tff_unary_connective    go to state 196
    tff_quantifier          go to state 197
    fof_quantifier          go to state 198
    unary_connective        go to state 199
    typeable_atom           go to state 158
    constant                go to state 203
    functor                 go to state 204
    defined_constant        go to state 348
    defined_functor         go to state 206
    system_constant         go to state 207
    system_functor          go to state 208
    defined_term            go to state 209
    variable                go to state 210
    atomic_word             go to state 120
    atomic_defined_word     go to state 121
    atomic_system_word      go to state 122
    number                  go to state 123


State 163

  168 txf_let: _DLR_let . LPAREN txf_let_types COMMA txf_let_defns COMMA tff_term RPAREN

    LPAREN  shift, and go to state 352


State 164

  328 tff_quantifier: hash .

    $default  reduce using rule 328 (tff_quantifier)


State 165

  242 ntf_short_connective: less_sign . PERIOD arrow

    PERIOD  shift, and go to state 353


State 166

   14 tff_annotated: _LIT_tff LPAREN name COMMA formula_role COMMA tff_formula . annotations RPAREN PERIOD

    COMMA  shift, and go to state 299

    $default  reduce using rule 441 (nothing)

    annotations  go to state 354
    nothing      go to state 301


State 167

  117 tff_formula: tff_logic_formula .

    $default  reduce using rule 117 (tff_formula)


State 168

  122 tff_logic_formula: tff_binary_formula .

    $default  reduce using rule 122 (tff_logic_formula)


State 169

  126 tff_binary_formula: tff_binary_nonassoc .

    $default  reduce using rule 126 (tff_binary_formula)


State 170

  127 tff_binary_formula: tff_binary_assoc .

    $default  reduce using rule 127 (tff_binary_formula)


State 171

  129 tff_binary_assoc: tff_or_formula .
  132 tff_or_formula: tff_or_formula . VLINE tff_unit_formula

    VLINE  shift, and go to state 355

    $default  reduce using rule 129 (tff_binary_assoc)


State 172

  130 tff_binary_assoc: tff_and_formula .
  134 tff_and_formula: tff_and_formula . AMPERSAND tff_unit_formula

    AMPERSAND  shift, and go to state 356

    $default  reduce using rule 130 (tff_binary_assoc)


State 173

  128 tff_binary_nonassoc: tff_unit_formula . nonassoc_connective tff_unit_formula
  131 tff_or_formula: tff_unit_formula . VLINE tff_unit_formula
  133 tff_and_formula: tff_unit_formula . AMPERSAND tff_unit_formula

    AMPERSAND            shift, and go to state 357
    EQUALS_GREATER       shift, and go to state 316
    LESS_EQUALS          shift, and go to state 317
    LESS_EQUALS_GREATER  shift, and go to state 318
    LESS_TILDE_GREATER   shift, and go to state 319
    TILDE_AMPERSAND      shift, and go to state 320
    TILDE_VLINE          shift, and go to state 321
    VLINE                shift, and go to state 358

    nonassoc_connective  go to state 359


State 174

  120 tff_logic_formula: tff_unitary_formula .
  135 tff_unit_formula: tff_unitary_formula .

    COMMA     reduce using rule 120 (tff_logic_formula)
    RBRKT     reduce using rule 120 (tff_logic_formula)
    RPAREN    reduce using rule 120 (tff_logic_formula)
    $default  reduce using rule 135 (tff_unit_formula)


State 175

  142 tff_unitary_formula: txf_unitary_formula .

    $default  reduce using rule 142 (tff_unitary_formula)


State 176

  140 tff_unitary_formula: tff_quantified_formula .

    $default  reduce using rule 140 (tff_unitary_formula)


State 177

  121 tff_logic_formula: tff_unary_formula .
  136 tff_unit_formula: tff_unary_formula .

    COMMA     reduce using rule 121 (tff_logic_formula)
    RBRKT     reduce using rule 121 (tff_logic_formula)
    RPAREN    reduce using rule 121 (tff_logic_formula)
    $default  reduce using rule 136 (tff_unit_formula)


State 178

  151 tff_unary_formula: tff_prefix_unary .

    $default  reduce using rule 151 (tff_unary_formula)


State 179

  152 tff_unary_formula: tff_infix_unary .

    $default  reduce using rule 152 (tff_unary_formula)


State 180

  141 tff_unitary_formula: tff_atomic_formula .
  184 tff_unitary_term: tff_atomic_formula .
  221 txf_definition: tff_atomic_formula . identical tff_term

    EQUALS_EQUALS  shift, and go to state 360

    EQUALS              reduce using rule 184 (tff_unitary_term)
    EXCLAMATION_EQUALS  reduce using rule 184 (tff_unitary_term)
    $default            reduce using rule 141 (tff_unitary_formula)

    identical  go to state 361


State 181

  155 tff_atomic_formula: tff_plain_atomic .

    $default  reduce using rule 155 (tff_atomic_formula)


State 182

  156 tff_atomic_formula: tff_defined_atomic .

    $default  reduce using rule 156 (tff_atomic_formula)


State 183

  160 tff_defined_atomic: tff_defined_plain .

    $default  reduce using rule 160 (tff_defined_atomic)


State 184

  123 tff_logic_formula: tff_defined_infix .
  137 tff_unit_formula: tff_defined_infix .

    COMMA     reduce using rule 123 (tff_logic_formula)
    RBRKT     reduce using rule 123 (tff_logic_formula)
    RPAREN    reduce using rule 123 (tff_logic_formula)
    $default  reduce using rule 137 (tff_unit_formula)


State 185

  157 tff_atomic_formula: tff_system_atomic .

    $default  reduce using rule 157 (tff_atomic_formula)


State 186

  164 tff_defined_plain: txf_let .

    $default  reduce using rule 164 (tff_defined_plain)


State 187

  163 tff_defined_plain: nxf_atom .

    $default  reduce using rule 163 (tff_defined_plain)


State 188

  154 tff_infix_unary: tff_unitary_term . infix_inequality tff_unitary_term
  165 tff_defined_infix: tff_unitary_term . defined_infix_pred tff_unitary_term

    EQUALS              shift, and go to state 294
    EXCLAMATION_EQUALS  shift, and go to state 295

    defined_infix_pred  go to state 362
    infix_equality      go to state 297
    infix_inequality    go to state 363


State 189

  186 tff_unitary_term: txf_tuple .
  222 txf_sequent: txf_tuple . gentzen_arrow txf_tuple

    MINUS_MINUS_GREATER  shift, and go to state 324

    $default  reduce using rule 186 (tff_unitary_term)

    gentzen_arrow  go to state 364


State 190

  118 tff_formula: tff_atom_typing .

    $default  reduce using rule 118 (tff_formula)


State 191

  119 tff_formula: tff_subtype .

    $default  reduce using rule 119 (tff_formula)


State 192

  124 tff_logic_formula: txf_definition .

    $default  reduce using rule 124 (tff_logic_formula)


State 193

  125 tff_logic_formula: txf_sequent .

    $default  reduce using rule 125 (tff_logic_formula)


State 194

  180 nxf_atom: nxf_long_connective . AT_SIGN LPAREN tff_arguments RPAREN

    AT_SIGN  shift, and go to state 365


State 195

  326 tff_unary_connective: ntf_short_connective .

    $default  reduce using rule 326 (tff_unary_connective)


State 196

  153 tff_prefix_unary: tff_unary_connective . tff_preunit_formula

    EXCLAMATION         shift, and go to state 124
    LBRACE              shift, and go to state 160
    LBRKT               shift, and go to state 366
    LPAREN              shift, and go to state 367
    QUESTION            shift, and go to state 127
    TILDE               shift, and go to state 128
    _DLR_let            shift, and go to state 163
    back_quoted         shift, and go to state 27
    dollar_dollar_word  shift, and go to state 93
    dollar_word         shift, and go to state 94
    hash                shift, and go to state 164
    less_sign           shift, and go to state 165
    lower_word          shift, and go to state 29
    single_quoted       shift, and go to state 30
    upper_word          shift, and go to state 81

    tff_preunit_formula     go to state 368
    tff_unitary_formula     go to state 369
    txf_unitary_formula     go to state 175
    tff_quantified_formula  go to state 176
    tff_prefix_unary        go to state 370
    tff_atomic_formula      go to state 371
    tff_plain_atomic        go to state 181
    tff_defined_atomic      go to state 182
    tff_defined_plain       go to state 183
    tff_system_atomic       go to state 185
    txf_let                 go to state 186
    nxf_atom                go to state 187
    nxf_long_connective     go to state 194
    ntf_short_connective    go to state 195
    tff_unary_connective    go to state 196
    tff_quantifier          go to state 197
    fof_quantifier          go to state 198
    unary_connective        go to state 199
    constant                go to state 347
    functor                 go to state 204
    defined_constant        go to state 348
    defined_functor         go to state 206
    system_constant         go to state 207
    system_functor          go to state 208
    variable                go to state 372
    atomic_word             go to state 120
    atomic_defined_word     go to state 121
    atomic_system_word      go to state 122


State 197

  145 tff_quantified_formula: tff_quantifier . LBRKT tff_variable_list RBRKT COLON tff_unit_formula

    LBRKT  shift, and go to state 373


State 198

  327 tff_quantifier: fof_quantifier .

    $default  reduce using rule 327 (tff_quantifier)


State 199

  325 tff_unary_connective: unary_connective .

    $default  reduce using rule 325 (tff_unary_connective)


State 200

  193 tff_atom_typing: typeable_atom . COLON tff_top_level_type
  345 atomic_type: typeable_atom .

    COLON  shift, and go to state 334

    $default  reduce using rule 345 (atomic_type)


State 201

  220 tff_subtype: atomic_type . subtype_sign atomic_type

    LESS_LESS  shift, and go to state 374

    subtype_sign  go to state 375


State 202

  347 atomic_type: system_type .

    $default  reduce using rule 347 (atomic_type)


State 203

  158 tff_plain_atomic: constant .
  343 typeable_atom: constant .

    COLON      reduce using rule 343 (typeable_atom)
    LESS_LESS  reduce using rule 343 (typeable_atom)
    $default   reduce using rule 158 (tff_plain_atomic)


State 204

  159 tff_plain_atomic: functor . LPAREN tff_arguments RPAREN
  355 constant: functor .

    LPAREN  shift, and go to state 376

    $default  reduce using rule 355 (constant)


State 205

  161 tff_defined_plain: defined_constant .
  346 atomic_type: defined_constant .

    LESS_LESS  reduce using rule 346 (atomic_type)
    $default   reduce using rule 161 (tff_defined_plain)


State 206

  162 tff_defined_plain: defined_functor . LPAREN tff_arguments RPAREN
  357 defined_constant: defined_functor .

    LPAREN  shift, and go to state 377

    $default  reduce using rule 357 (defined_constant)


State 207

  166 tff_system_atomic: system_constant .

    $default  reduce using rule 166 (tff_system_atomic)


State 208

  167 tff_system_atomic: system_functor . LPAREN tff_arguments RPAREN
  359 system_constant: system_functor .

    LPAREN  shift, and go to state 378

    $default  reduce using rule 359 (system_constant)


State 209

  185 tff_unitary_term: defined_term .

    $default  reduce using rule 185 (tff_unitary_term)


State 210

  144 txf_unitary_formula: variable .
  187 tff_unitary_term: variable .

    EQUALS              reduce using rule 187 (tff_unitary_term)
    EXCLAMATION_EQUALS  reduce using rule 187 (tff_unitary_term)
    $default            reduce using rule 144 (txf_unitary_formula)


State 211

  351 system_type: atomic_system_word .
  360 system_functor: atomic_system_word .

    LESS_LESS  reduce using rule 351 (system_type)
    $default   reduce using rule 360 (system_functor)


State 212

  364 th1_defined_term: AT_AT_SIGN_MINUS .

    $default  reduce using rule 364 (th1_defined_term)


State 213

  363 th1_defined_term: AT_AT_SIGN_PLUS .

    $default  reduce using rule 363 (th1_defined_term)


State 214

  365 th1_defined_term: AT_SIGN_EQUALS .

    $default  reduce using rule 365 (th1_defined_term)


State 215

  321 th0_quantifier: AT_SIGN_MINUS .

    $default  reduce using rule 321 (th0_quantifier)


State 216

  320 th0_quantifier: AT_SIGN_PLUS .

    $default  reduce using rule 320 (th0_quantifier)


State 217

  319 th0_quantifier: CARET .

    $default  reduce using rule 319 (th0_quantifier)


State 218

  361 th1_defined_term: EXCLAMATION_EXCLAMATION .

    $default  reduce using rule 361 (th1_defined_term)


State 219

  322 type_quantifier: EXCLAMATION_GREATER .

    $default  reduce using rule 322 (type_quantifier)


State 220

  223 nhf_long_connective: LBRACE . ntf_connective_name RBRACE
  224                    | LBRACE . ntf_connective_name LPAREN nhf_parameter_list RPAREN RBRACE
  243 ntf_short_connective: LBRACE . PERIOD RBRACE

    PERIOD              shift, and go to state 335
    dollar_dollar_word  shift, and go to state 93
    dollar_word         shift, and go to state 94

    ntf_connective_name     go to state 379
    ntf_defined_connective  go to state 337
    atomic_defined_word     go to state 338
    atomic_system_word      go to state 339


State 221

   94 thf_tuple: LBRKT . RBRKT
   95          | LBRKT . thf_formula_list RBRKT
  241 ntf_short_connective: LBRKT . PERIOD RBRKT

    AT_AT_SIGN_MINUS         shift, and go to state 212
    AT_AT_SIGN_PLUS          shift, and go to state 213
    AT_SIGN_EQUALS           shift, and go to state 214
    AT_SIGN_MINUS            shift, and go to state 215
    AT_SIGN_PLUS             shift, and go to state 216
    CARET                    shift, and go to state 217
    EXCLAMATION              shift, and go to state 124
    EXCLAMATION_EXCLAMATION  shift, and go to state 218
    EXCLAMATION_GREATER      shift, and go to state 219
    LBRACE                   shift, and go to state 220
    LBRKT                    shift, and go to state 221
    LPAREN                   shift, and go to state 380
    PERIOD                   shift, and go to state 341
    QUESTION                 shift, and go to state 127
    QUESTION_QUESTION        shift, and go to state 223
    QUESTION_STAR            shift, and go to state 224
    RBRKT                    shift, and go to state 381
    TILDE                    shift, and go to state 128
    _DLR_let                 shift, and go to state 225
    back_quoted              shift, and go to state 27
    distinct_object          shift, and go to state 92
    dollar_dollar_word       shift, and go to state 93
    dollar_word              shift, and go to state 94
    hash                     shift, and go to state 164
    integer                  shift, and go to state 78
    less_sign                shift, and go to state 165
    lower_word               shift, and go to state 29
    rational                 shift, and go to state 79
    real                     shift, and go to state 80
    single_quoted            shift, and go to state 30
    upper_word               shift, and go to state 81

    thf_logic_formula       go to state 382
    thf_binary_formula      go to state 228
    thf_binary_nonassoc     go to state 229
    thf_binary_assoc        go to state 230
    thf_or_formula          go to state 231
    thf_and_formula         go to state 232
    thf_apply_formula       go to state 233
    thf_unit_formula        go to state 234
    thf_unitary_formula     go to state 235
    thf_quantified_formula  go to state 236
    thf_quantification      go to state 237
    thf_unary_formula       go to state 238
    thf_prefix_unary        go to state 239
    thf_infix_unary         go to state 240
    thf_atomic_formula      go to state 241
    thf_plain_atomic        go to state 242
    thf_defined_atomic      go to state 243
    thf_defined_term        go to state 244
    thf_defined_infix       go to state 245
    thf_system_atomic       go to state 246
    thf_let                 go to state 247
    thf_unitary_term        go to state 248
    thf_tuple               go to state 249
    thf_formula_list        go to state 383
    thf_unitary_type        go to state 251
    thf_binary_type         go to state 252
    thf_mapping_type        go to state 253
    thf_xprod_type          go to state 254
    thf_union_type          go to state 255
    thf_definition          go to state 257
    thf_sequent             go to state 258
    nhf_long_connective     go to state 259
    ntf_short_connective    go to state 260
    thf_quantifier          go to state 261
    thf_unary_connective    go to state 262
    th0_quantifier          go to state 263
    type_quantifier         go to state 264
    tff_quantifier          go to state 265
    fof_quantifier          go to state 198
    unary_connective        go to state 266
    constant                go to state 384
    functor                 go to state 270
    defined_constant        go to state 385
    defined_functor         go to state 272
    system_constant         go to state 273
    system_functor          go to state 274
    th1_defined_term        go to state 275
    defined_term            go to state 276
    variable                go to state 277
    atomic_word             go to state 120
    atomic_defined_word     go to state 121
    atomic_system_word      go to state 122
    number                  go to state 123


State 222

   52 thf_unitary_formula: LPAREN . thf_logic_formula RPAREN
   69 thf_defined_atomic: LPAREN . thf_conn_term RPAREN
   88 thf_unitary_term: LPAREN . thf_logic_formula RPAREN
   99 thf_atom_typing: LPAREN . thf_atom_typing RPAREN
  244 ntf_short_connective: LPAREN . PERIOD RPAREN

    AMPERSAND                shift, and go to state 386
    AT_AT_SIGN_MINUS         shift, and go to state 212
    AT_AT_SIGN_PLUS          shift, and go to state 213
    AT_SIGN_EQUALS           shift, and go to state 214
    AT_SIGN_MINUS            shift, and go to state 215
    AT_SIGN_PLUS             shift, and go to state 216
    CARET                    shift, and go to state 217
    EQUALS                   shift, and go to state 294
    EQUALS_GREATER           shift, and go to state 316
    EXCLAMATION              shift, and go to state 124
    EXCLAMATION_EQUALS       shift, and go to state 295
    EXCLAMATION_EXCLAMATION  shift, and go to state 218
    EXCLAMATION_GREATER      shift, and go to state 219
    LBRACE                   shift, and go to state 220
    LBRKT                    shift, and go to state 221
    LESS_EQUALS              shift, and go to state 317
    LESS_EQUALS_GREATER      shift, and go to state 318
    LESS_TILDE_GREATER       shift, and go to state 319
    LPAREN                   shift, and go to state 222
    PERIOD                   shift, and go to state 350
    QUESTION                 shift, and go to state 127
    QUESTION_QUESTION        shift, and go to state 223
    QUESTION_STAR            shift, and go to state 224
    TILDE                    shift, and go to state 128
    TILDE_AMPERSAND          shift, and go to state 320
    TILDE_VLINE              shift, and go to state 321
    VLINE                    shift, and go to state 387
    _DLR_let                 shift, and go to state 225
    back_quoted              shift, and go to state 27
    distinct_object          shift, and go to state 152
    dollar_dollar_word       shift, and go to state 93
    dollar_word              shift, and go to state 94
    hash                     shift, and go to state 164
    integer                  shift, and go to state 78
    less_sign                shift, and go to state 165
    lower_word               shift, and go to state 29
    rational                 shift, and go to state 79
    real                     shift, and go to state 80
    single_quoted            shift, and go to state 30
    upper_word               shift, and go to state 81

    thf_logic_formula       go to state 388
    thf_binary_formula      go to state 228
    thf_binary_nonassoc     go to state 229
    thf_binary_assoc        go to state 230
    thf_or_formula          go to state 231
    thf_and_formula         go to state 232
    thf_apply_formula       go to state 233
    thf_unit_formula        go to state 234
    thf_unitary_formula     go to state 235
    thf_quantified_formula  go to state 236
    thf_quantification      go to state 237
    thf_unary_formula       go to state 238
    thf_prefix_unary        go to state 239
    thf_infix_unary         go to state 240
    thf_atomic_formula      go to state 241
    thf_plain_atomic        go to state 242
    thf_defined_atomic      go to state 243
    thf_defined_term        go to state 244
    thf_defined_infix       go to state 245
    thf_system_atomic       go to state 246
    thf_let                 go to state 247
    thf_unitary_term        go to state 248
    thf_conn_term           go to state 389
    thf_tuple               go to state 249
    thf_atom_typing         go to state 390
    thf_unitary_type        go to state 251
    thf_binary_type         go to state 252
    thf_mapping_type        go to state 253
    thf_xprod_type          go to state 254
    thf_union_type          go to state 255
    thf_definition          go to state 257
    thf_sequent             go to state 258
    nhf_long_connective     go to state 259
    ntf_short_connective    go to state 260
    thf_quantifier          go to state 261
    thf_unary_connective    go to state 391
    th0_quantifier          go to state 263
    type_quantifier         go to state 264
    tff_quantifier          go to state 265
    fof_quantifier          go to state 198
    nonassoc_connective     go to state 392
    assoc_connective        go to state 393
    unary_connective        go to state 266
    typeable_atom           go to state 394
    infix_equality          go to state 395
    infix_inequality        go to state 396
    constant                go to state 269
    functor                 go to state 270
    defined_constant        go to state 385
    defined_functor         go to state 272
    system_constant         go to state 273
    system_functor          go to state 274
    th1_defined_term        go to state 275
    defined_term            go to state 276
    variable                go to state 277
    atomic_word             go to state 120
    atomic_defined_word     go to state 121
    atomic_system_word      go to state 122
    number                  go to state 123


State 223

  362 th1_defined_term: QUESTION_QUESTION .

    $default  reduce using rule 362 (th1_defined_term)


State 224

  323 type_quantifier: QUESTION_STAR .

    $default  reduce using rule 323 (type_quantifier)


State 225

   76 thf_let: _DLR_let . LPAREN thf_let_types COMMA thf_let_defns COMMA thf_logic_formula RPAREN

    LPAREN  shift, and go to state 397


State 226

   13 thf_annotated: _LIT_thf LPAREN name COMMA formula_role COMMA thf_formula . annotations RPAREN PERIOD

    COMMA  shift, and go to state 299

    $default  reduce using rule 441 (nothing)

    annotations  go to state 398
    nothing      go to state 301


State 227

   22 thf_formula: thf_logic_formula .

    $default  reduce using rule 22 (thf_formula)


State 228

   27 thf_logic_formula: thf_binary_formula .

    $default  reduce using rule 27 (thf_logic_formula)


State 229

   31 thf_binary_formula: thf_binary_nonassoc .

    $default  reduce using rule 31 (thf_binary_formula)


State 230

   32 thf_binary_formula: thf_binary_assoc .

    $default  reduce using rule 32 (thf_binary_formula)


State 231

   35 thf_binary_assoc: thf_or_formula .
   39 thf_or_formula: thf_or_formula . VLINE thf_unit_formula

    VLINE  shift, and go to state 399

    $default  reduce using rule 35 (thf_binary_assoc)


State 232

   36 thf_binary_assoc: thf_and_formula .
   41 thf_and_formula: thf_and_formula . AMPERSAND thf_unit_formula

    AMPERSAND  shift, and go to state 400

    $default  reduce using rule 36 (thf_binary_assoc)


State 233

   37 thf_binary_assoc: thf_apply_formula .
   43 thf_apply_formula: thf_apply_formula . AT_SIGN thf_unit_formula

    AT_SIGN  shift, and go to state 401

    $default  reduce using rule 37 (thf_binary_assoc)


State 234

   34 thf_binary_nonassoc: thf_unit_formula . nonassoc_connective thf_unit_formula
   38 thf_or_formula: thf_unit_formula . VLINE thf_unit_formula
   40 thf_and_formula: thf_unit_formula . AMPERSAND thf_unit_formula
   42 thf_apply_formula: thf_unit_formula . AT_SIGN thf_unit_formula

    AMPERSAND            shift, and go to state 402
    AT_SIGN              shift, and go to state 403
    EQUALS_GREATER       shift, and go to state 316
    LESS_EQUALS          shift, and go to state 317
    LESS_EQUALS_GREATER  shift, and go to state 318
    LESS_TILDE_GREATER   shift, and go to state 319
    TILDE_AMPERSAND      shift, and go to state 320
    TILDE_VLINE          shift, and go to state 321
    VLINE                shift, and go to state 404

    nonassoc_connective  go to state 405


State 235

   25 thf_logic_formula: thf_unitary_formula .
   44 thf_unit_formula: thf_unitary_formula .
  103 thf_unitary_type: thf_unitary_formula .

    COLON_EQUALS  reduce using rule 25 (thf_logic_formula)
    COMMA         reduce using rule 25 (thf_logic_formula)
    RBRKT         reduce using rule 25 (thf_logic_formula)
    RPAREN        reduce using rule 25 (thf_logic_formula)
    STAR          reduce using rule 103 (thf_unitary_type)
    arrow         reduce using rule 103 (thf_unitary_type)
    plus          reduce using rule 103 (thf_unitary_type)
    $default      reduce using rule 44 (thf_unit_formula)


State 236

   49 thf_unitary_formula: thf_quantified_formula .

    $default  reduce using rule 49 (thf_unitary_formula)


State 237

   53 thf_quantified_formula: thf_quantification . thf_unit_formula

    AT_AT_SIGN_MINUS         shift, and go to state 212
    AT_AT_SIGN_PLUS          shift, and go to state 213
    AT_SIGN_EQUALS           shift, and go to state 214
    AT_SIGN_MINUS            shift, and go to state 215
    AT_SIGN_PLUS             shift, and go to state 216
    CARET                    shift, and go to state 217
    EXCLAMATION              shift, and go to state 124
    EXCLAMATION_EXCLAMATION  shift, and go to state 218
    EXCLAMATION_GREATER      shift, and go to state 219
    LBRACE                   shift, and go to state 220
    LBRKT                    shift, and go to state 221
    LPAREN                   shift, and go to state 380
    QUESTION                 shift, and go to state 127
    QUESTION_QUESTION        shift, and go to state 223
    QUESTION_STAR            shift, and go to state 224
    TILDE                    shift, and go to state 128
    _DLR_let                 shift, and go to state 225
    back_quoted              shift, and go to state 27
    distinct_object          shift, and go to state 92
    dollar_dollar_word       shift, and go to state 93
    dollar_word              shift, and go to state 94
    hash                     shift, and go to state 164
    integer                  shift, and go to state 78
    less_sign                shift, and go to state 165
    lower_word               shift, and go to state 29
    rational                 shift, and go to state 79
    real                     shift, and go to state 80
    single_quoted            shift, and go to state 30
    upper_word               shift, and go to state 81

    thf_unit_formula        go to state 406
    thf_unitary_formula     go to state 407
    thf_quantified_formula  go to state 236
    thf_quantification      go to state 237
    thf_unary_formula       go to state 408
    thf_prefix_unary        go to state 239
    thf_infix_unary         go to state 240
    thf_atomic_formula      go to state 409
    thf_plain_atomic        go to state 242
    thf_defined_atomic      go to state 243
    thf_defined_term        go to state 244
    thf_defined_infix       go to state 410
    thf_system_atomic       go to state 246
    thf_let                 go to state 247
    thf_unitary_term        go to state 248
    thf_tuple               go to state 411
    nhf_long_connective     go to state 259
    ntf_short_connective    go to state 260
    thf_quantifier          go to state 261
    thf_unary_connective    go to state 262
    th0_quantifier          go to state 263
    type_quantifier         go to state 264
    tff_quantifier          go to state 265
    fof_quantifier          go to state 198
    unary_connective        go to state 266
    constant                go to state 384
    functor                 go to state 270
    defined_constant        go to state 385
    defined_functor         go to state 272
    system_constant         go to state 273
    system_functor          go to state 274
    th1_defined_term        go to state 275
    defined_term            go to state 276
    variable                go to state 277
    atomic_word             go to state 120
    atomic_defined_word     go to state 121
    atomic_system_word      go to state 122
    number                  go to state 123


State 238

   26 thf_logic_formula: thf_unary_formula .
   45 thf_unit_formula: thf_unary_formula .

    COLON_EQUALS  reduce using rule 26 (thf_logic_formula)
    COMMA         reduce using rule 26 (thf_logic_formula)
    RBRKT         reduce using rule 26 (thf_logic_formula)
    RPAREN        reduce using rule 26 (thf_logic_formula)
    $default      reduce using rule 45 (thf_unit_formula)


State 239

   58 thf_unary_formula: thf_prefix_unary .

    $default  reduce using rule 58 (thf_unary_formula)


State 240

   59 thf_unary_formula: thf_infix_unary .

    $default  reduce using rule 59 (thf_unary_formula)


State 241

   50 thf_unitary_formula: thf_atomic_formula .
   86 thf_unitary_term: thf_atomic_formula .
  115 thf_definition: thf_atomic_formula . identical thf_logic_formula

    EQUALS_EQUALS  shift, and go to state 360

    EQUALS              reduce using rule 86 (thf_unitary_term)
    EXCLAMATION_EQUALS  reduce using rule 86 (thf_unitary_term)
    $default            reduce using rule 50 (thf_unitary_formula)

    identical  go to state 412


State 242

   62 thf_atomic_formula: thf_plain_atomic .

    $default  reduce using rule 62 (thf_atomic_formula)


State 243

   63 thf_atomic_formula: thf_defined_atomic .

    $default  reduce using rule 63 (thf_atomic_formula)


State 244

   68 thf_defined_atomic: thf_defined_term .

    $default  reduce using rule 68 (thf_defined_atomic)


State 245

   28 thf_logic_formula: thf_defined_infix .
   46 thf_unit_formula: thf_defined_infix .

    COLON_EQUALS  reduce using rule 28 (thf_logic_formula)
    COMMA         reduce using rule 28 (thf_logic_formula)
    RBRKT         reduce using rule 28 (thf_logic_formula)
    RPAREN        reduce using rule 28 (thf_logic_formula)
    $default      reduce using rule 46 (thf_unit_formula)


State 246

   64 thf_atomic_formula: thf_system_atomic .

    $default  reduce using rule 64 (thf_atomic_formula)


State 247

   71 thf_defined_atomic: thf_let .

    $default  reduce using rule 71 (thf_defined_atomic)


State 248

   61 thf_infix_unary: thf_unitary_term . infix_inequality thf_unitary_term
   74 thf_defined_infix: thf_unitary_term . defined_infix_pred thf_unitary_term

    EQUALS              shift, and go to state 294
    EXCLAMATION_EQUALS  shift, and go to state 295

    defined_infix_pred  go to state 413
    infix_equality      go to state 297
    infix_inequality    go to state 414


State 249

   66 thf_plain_atomic: thf_tuple .
  116 thf_sequent: thf_tuple . gentzen_arrow thf_tuple

    MINUS_MINUS_GREATER  shift, and go to state 324

    $default  reduce using rule 66 (thf_plain_atomic)

    gentzen_arrow  go to state 415


State 250

   23 thf_formula: thf_atom_typing .

    $default  reduce using rule 23 (thf_formula)


State 251

  108 thf_mapping_type: thf_unitary_type . arrow thf_unitary_type
  109                 | thf_unitary_type . arrow thf_mapping_type
  110 thf_xprod_type: thf_unitary_type . STAR thf_unitary_type
  112 thf_union_type: thf_unitary_type . plus thf_unitary_type

    STAR   shift, and go to state 416
    arrow  shift, and go to state 417
    plus   shift, and go to state 418


State 252

   33 thf_binary_formula: thf_binary_type .

    $default  reduce using rule 33 (thf_binary_formula)


State 253

  105 thf_binary_type: thf_mapping_type .

    $default  reduce using rule 105 (thf_binary_type)


State 254

  106 thf_binary_type: thf_xprod_type .
  111 thf_xprod_type: thf_xprod_type . STAR thf_unitary_type

    STAR  shift, and go to state 419

    $default  reduce using rule 106 (thf_binary_type)


State 255

  107 thf_binary_type: thf_union_type .
  113 thf_union_type: thf_union_type . plus thf_unitary_type

    plus  shift, and go to state 420

    $default  reduce using rule 107 (thf_binary_type)


State 256

   24 thf_formula: thf_subtype .

    $default  reduce using rule 24 (thf_formula)


State 257

   29 thf_logic_formula: thf_definition .

    $default  reduce using rule 29 (thf_logic_formula)


State 258

   30 thf_logic_formula: thf_sequent .

    $default  reduce using rule 30 (thf_logic_formula)


State 259

   70 thf_defined_atomic: nhf_long_connective .

    $default  reduce using rule 70 (thf_defined_atomic)


State 260

  318 thf_unary_connective: ntf_short_connective .

    $default  reduce using rule 318 (thf_unary_connective)


State 261

   54 thf_quantification: thf_quantifier . LBRKT thf_variable_list RBRKT COLON

    LBRKT  shift, and go to state 421


State 262

   60 thf_prefix_unary: thf_unary_connective . thf_preunit_formula

    AT_AT_SIGN_MINUS         shift, and go to state 212
    AT_AT_SIGN_PLUS          shift, and go to state 213
    AT_SIGN_EQUALS           shift, and go to state 214
    AT_SIGN_MINUS            shift, and go to state 215
    AT_SIGN_PLUS             shift, and go to state 216
    CARET                    shift, and go to state 217
    EXCLAMATION              shift, and go to state 124
    EXCLAMATION_EXCLAMATION  shift, and go to state 218
    EXCLAMATION_GREATER      shift, and go to state 219
    LBRACE                   shift, and go to state 220
    LBRKT                    shift, and go to state 221
    LPAREN                   shift, and go to state 422
    QUESTION                 shift, and go to state 127
    QUESTION_QUESTION        shift, and go to state 223
    QUESTION_STAR            shift, and go to state 224
    TILDE                    shift, and go to state 128
    _DLR_let                 shift, and go to state 225
    back_quoted              shift, and go to state 27
    distinct_object          shift, and go to state 92
    dollar_dollar_word       shift, and go to state 93
    dollar_word              shift, and go to state 94
    hash                     shift, and go to state 164
    integer                  shift, and go to state 78
    less_sign                shift, and go to state 165
    lower_word               shift, and go to state 29
    rational                 shift, and go to state 79
    real                     shift, and go to state 80
    single_quoted            shift, and go to state 30
    upper_word               shift, and go to state 81

    thf_preunit_formula     go to state 423
    thf_unitary_formula     go to state 424
    thf_quantified_formula  go to state 236
    thf_quantification      go to state 237
    thf_prefix_unary        go to state 425
    thf_atomic_formula      go to state 426
    thf_plain_atomic        go to state 242
    thf_defined_atomic      go to state 243
    thf_defined_term        go to state 244
    thf_system_atomic       go to state 246
    thf_let                 go to state 247
    thf_tuple               go to state 411
    nhf_long_connective     go to state 259
    ntf_short_connective    go to state 260
    thf_quantifier          go to state 261
    thf_unary_connective    go to state 262
    th0_quantifier          go to state 263
    type_quantifier         go to state 264
    tff_quantifier          go to state 265
    fof_quantifier          go to state 198
    unary_connective        go to state 266
    constant                go to state 384
    functor                 go to state 270
    defined_constant        go to state 385
    defined_functor         go to state 272
    system_constant         go to state 273
    system_functor          go to state 274
    th1_defined_term        go to state 275
    defined_term            go to state 276
    variable                go to state 427
    atomic_word             go to state 120
    atomic_defined_word     go to state 121
    atomic_system_word      go to state 122
    number                  go to state 123


State 263

  315 thf_quantifier: th0_quantifier .

    $default  reduce using rule 315 (thf_quantifier)


State 264

  316 thf_quantifier: type_quantifier .

    $default  reduce using rule 316 (thf_quantifier)


State 265

  314 thf_quantifier: tff_quantifier .

    $default  reduce using rule 314 (thf_quantifier)


State 266

  317 thf_unary_connective: unary_connective .

    $default  reduce using rule 317 (thf_unary_connective)


State 267

   98 thf_atom_typing: typeable_atom . COLON thf_top_level_type
  345 atomic_type: typeable_atom .

    COLON  shift, and go to state 428

    $default  reduce using rule 345 (atomic_type)


State 268

  114 thf_subtype: atomic_type . subtype_sign atomic_type

    LESS_LESS  shift, and go to state 374

    subtype_sign  go to state 429


State 269

   65 thf_plain_atomic: constant .
  343 typeable_atom: constant .

    COLON      reduce using rule 343 (typeable_atom)
    LESS_LESS  reduce using rule 343 (typeable_atom)
    $default   reduce using rule 65 (thf_plain_atomic)


State 270

  355 constant: functor .

    $default  reduce using rule 355 (constant)


State 271

   67 thf_defined_atomic: defined_constant .
  346 atomic_type: defined_constant .

    LESS_LESS  reduce using rule 346 (atomic_type)
    $default   reduce using rule 67 (thf_defined_atomic)


State 272

  357 defined_constant: defined_functor .

    $default  reduce using rule 357 (defined_constant)


State 273

   75 thf_system_atomic: system_constant .

    $default  reduce using rule 75 (thf_system_atomic)


State 274

  359 system_constant: system_functor .

    $default  reduce using rule 359 (system_constant)


State 275

   73 thf_defined_term: th1_defined_term .

    $default  reduce using rule 73 (thf_defined_term)


State 276

   72 thf_defined_term: defined_term .

    $default  reduce using rule 72 (thf_defined_term)


State 277

   51 thf_unitary_formula: variable .
   87 thf_unitary_term: variable .

    EQUALS              reduce using rule 87 (thf_unitary_term)
    EXCLAMATION_EQUALS  reduce using rule 87 (thf_unitary_term)
    $default            reduce using rule 51 (thf_unitary_formula)


State 278

   11 tpi_annotated: _LIT_tpi LPAREN name COMMA formula_role COMMA tpi_formula . annotations RPAREN PERIOD

    COMMA  shift, and go to state 299

    $default  reduce using rule 441 (nothing)

    annotations  go to state 430
    nothing      go to state 301


State 279

   12 tpi_formula: fof_formula .

    $default  reduce using rule 12 (tpi_formula)


State 280

  426 general_list: LBRKT RBRKT .

    $default  reduce using rule 426 (general_list)


State 281

  428 general_terms: general_term .
  429              | general_term . COMMA general_terms

    COMMA  shift, and go to state 431

    $default  reduce using rule 428 (general_terms)


State 282

  427 general_list: LBRKT general_terms . RBRKT

    RBRKT  shift, and go to state 432


State 283

  424 formula_data: _DLR_cnf LPAREN . cnf_formula RPAREN

    LPAREN              shift, and go to state 90
    TILDE               shift, and go to state 91
    back_quoted         shift, and go to state 27
    distinct_object     shift, and go to state 92
    dollar_dollar_word  shift, and go to state 93
    dollar_word         shift, and go to state 94
    integer             shift, and go to state 78
    lower_word          shift, and go to state 29
    rational            shift, and go to state 79
    real                shift, and go to state 80
    single_quoted       shift, and go to state 30
    upper_word          shift, and go to state 81

    fof_infix_unary             go to state 95
    fof_atomic_formula          go to state 96
    fof_plain_atomic_formula    go to state 97
    fof_defined_atomic_formula  go to state 98
    fof_defined_plain_formula   go to state 99
    fof_defined_infix_formula   go to state 100
    fof_system_atomic_formula   go to state 101
    fof_plain_term              go to state 102
    fof_defined_term            go to state 103
    fof_defined_atomic_term     go to state 104
    fof_defined_plain_term      go to state 105
    fof_system_term             go to state 106
    fof_term                    go to state 107
    fof_function_term           go to state 108
    cnf_formula                 go to state 433
    cnf_disjunction             go to state 110
    cnf_literal                 go to state 111
    constant                    go to state 112
    functor                     go to state 113
    defined_constant            go to state 114
    defined_functor             go to state 115
    system_constant             go to state 116
    system_functor              go to state 117
    defined_term                go to state 118
    variable                    go to state 119
    atomic_word                 go to state 120
    atomic_defined_word         go to state 121
    atomic_system_word          go to state 122
    number                      go to state 123


State 284

  423 formula_data: _DLR_fof LPAREN . fof_formula RPAREN

    EXCLAMATION         shift, and go to state 124
    LBRKT               shift, and go to state 125
    LPAREN              shift, and go to state 126
    QUESTION            shift, and go to state 127
    TILDE               shift, and go to state 128
    back_quoted         shift, and go to state 27
    distinct_object     shift, and go to state 92
    dollar_dollar_word  shift, and go to state 93
    dollar_word         shift, and go to state 94
    integer             shift, and go to state 78
    lower_word          shift, and go to state 29
    rational            shift, and go to state 79
    real                shift, and go to state 80
    single_quoted       shift, and go to state 30
    upper_word          shift, and go to state 81

    fof_formula                 go to state 434
    fof_logic_formula           go to state 130
    fof_binary_formula          go to state 131
    fof_binary_nonassoc         go to state 132
    fof_binary_assoc            go to state 133
    fof_or_formula              go to state 134
    fof_and_formula             go to state 135
    fof_unary_formula           go to state 136
    fof_infix_unary             go to state 137
    fof_unit_formula            go to state 138
    fof_unitary_formula         go to state 139
    fof_quantified_formula      go to state 140
    fof_atomic_formula          go to state 141
    fof_plain_atomic_formula    go to state 97
    fof_defined_atomic_formula  go to state 98
    fof_defined_plain_formula   go to state 99
    fof_defined_infix_formula   go to state 100
    fof_system_atomic_formula   go to state 101
    fof_plain_term              go to state 102
    fof_defined_term            go to state 103
    fof_defined_atomic_term     go to state 104
    fof_defined_plain_term      go to state 105
    fof_system_term             go to state 106
    fof_term                    go to state 107
    fof_function_term           go to state 108
    fof_sequent                 go to state 142
    fof_formula_tuple           go to state 143
    fof_quantifier              go to state 144
    unary_connective            go to state 145
    constant                    go to state 112
    functor                     go to state 113
    defined_constant            go to state 114
    defined_functor             go to state 115
    system_constant             go to state 116
    system_functor              go to state 117
    defined_term                go to state 118
    variable                    go to state 119
    atomic_word                 go to state 120
    atomic_defined_word         go to state 121
    atomic_system_word          go to state 122
    number                      go to state 123


State 285

  425 formula_data: _DLR_fot LPAREN . fof_term RPAREN

    back_quoted         shift, and go to state 27
    distinct_object     shift, and go to state 92
    dollar_dollar_word  shift, and go to state 93
    dollar_word         shift, and go to state 94
    integer             shift, and go to state 78
    lower_word          shift, and go to state 29
    rational            shift, and go to state 79
    real                shift, and go to state 80
    single_quoted       shift, and go to state 30
    upper_word          shift, and go to state 81

    fof_plain_term           go to state 435
    fof_defined_term         go to state 103
    fof_defined_atomic_term  go to state 104
    fof_defined_plain_term   go to state 436
    fof_system_term          go to state 437
    fof_term                 go to state 438
    fof_function_term        go to state 108
    constant                 go to state 112
    functor                  go to state 113
    defined_constant         go to state 114
    defined_functor          go to state 115
    system_constant          go to state 116
    system_functor           go to state 117
    defined_term             go to state 118
    variable                 go to state 119
    atomic_word              go to state 120
    atomic_defined_word      go to state 121
    atomic_system_word       go to state 122
    number                   go to state 123


State 286

  422 formula_data: _DLR_tff LPAREN . tff_formula RPAREN

    EXCLAMATION         shift, and go to state 124
    LBRACE              shift, and go to state 160
    LBRKT               shift, and go to state 161
    LPAREN              shift, and go to state 162
    QUESTION            shift, and go to state 127
    TILDE               shift, and go to state 128
    _DLR_let            shift, and go to state 163
    back_quoted         shift, and go to state 27
    distinct_object     shift, and go to state 152
    dollar_dollar_word  shift, and go to state 93
    dollar_word         shift, and go to state 94
    hash                shift, and go to state 164
    integer             shift, and go to state 78
    less_sign           shift, and go to state 165
    lower_word          shift, and go to state 29
    rational            shift, and go to state 79
    real                shift, and go to state 80
    single_quoted       shift, and go to state 30
    upper_word          shift, and go to state 81

    tff_formula             go to state 439
    tff_logic_formula       go to state 167
    tff_binary_formula      go to state 168
    tff_binary_nonassoc     go to state 169
    tff_binary_assoc        go to state 170
    tff_or_formula          go to state 171
    tff_and_formula         go to state 172
    tff_unit_formula        go to state 173
    tff_unitary_formula     go to state 174
    txf_unitary_formula     go to state 175
    tff_quantified_formula  go to state 176
    tff_unary_formula       go to state 177
    tff_prefix_unary        go to state 178
    tff_infix_unary         go to state 179
    tff_atomic_formula      go to state 180
    tff_plain_atomic        go to state 181
    tff_defined_atomic      go to state 182
    tff_defined_plain       go to state 183
    tff_defined_infix       go to state 184
    tff_system_atomic       go to state 185
    txf_let                 go to state 186
    nxf_atom                go to state 187
    tff_unitary_term        go to state 188
    txf_tuple               go to state 189
    tff_atom_typing         go to state 190
    tff_subtype             go to state 191
    txf_definition          go to state 192
    txf_sequent             go to state 193
    nxf_long_connective     go to state 194
    ntf_short_connective    go to state 195
    tff_unary_connective    go to state 196
    tff_quantifier          go to state 197
    fof_quantifier          go to state 198
    unary_connective        go to state 199
    typeable_atom           go to state 200
    atomic_type             go to state 201
    system_type             go to state 202
    constant                go to state 203
    functor                 go to state 204
    defined_constant        go to state 205
    defined_functor         go to state 206
    system_constant         go to state 207
    system_functor          go to state 208
    defined_term            go to state 209
    variable                go to state 210
    atomic_word             go to state 120
    atomic_defined_word     go to state 121
    atomic_system_word      go to state 211
    number                  go to state 123


State 287

  421 formula_data: _DLR_thf LPAREN . thf_formula RPAREN

    AT_AT_SIGN_MINUS         shift, and go to state 212
    AT_AT_SIGN_PLUS          shift, and go to state 213
    AT_SIGN_EQUALS           shift, and go to state 214
    AT_SIGN_MINUS            shift, and go to state 215
    AT_SIGN_PLUS             shift, and go to state 216
    CARET                    shift, and go to state 217
    EXCLAMATION              shift, and go to state 124
    EXCLAMATION_EXCLAMATION  shift, and go to state 218
    EXCLAMATION_GREATER      shift, and go to state 219
    LBRACE                   shift, and go to state 220
    LBRKT                    shift, and go to state 221
    LPAREN                   shift, and go to state 222
    QUESTION                 shift, and go to state 127
    QUESTION_QUESTION        shift, and go to state 223
    QUESTION_STAR            shift, and go to state 224
    TILDE                    shift, and go to state 128
    _DLR_let                 shift, and go to state 225
    back_quoted              shift, and go to state 27
    distinct_object          shift, and go to state 152
    dollar_dollar_word       shift, and go to state 93
    dollar_word              shift, and go to state 94
    hash                     shift, and go to state 164
    integer                  shift, and go to state 78
    less_sign                shift, and go to state 165
    lower_word               shift, and go to state 29
    rational                 shift, and go to state 79
    real                     shift, and go to state 80
    single_quoted            shift, and go to state 30
    upper_word               shift, and go to state 81

    thf_formula             go to state 440
    thf_logic_formula       go to state 227
    thf_binary_formula      go to state 228
    thf_binary_nonassoc     go to state 229
    thf_binary_assoc        go to state 230
    thf_or_formula          go to state 231
    thf_and_formula         go to state 232
    thf_apply_formula       go to state 233
    thf_unit_formula        go to state 234
    thf_unitary_formula     go to state 235
    thf_quantified_formula  go to state 236
    thf_quantification      go to state 237
    thf_unary_formula       go to state 238
    thf_prefix_unary        go to state 239
    thf_infix_unary         go to state 240
    thf_atomic_formula      go to state 241
    thf_plain_atomic        go to state 242
    thf_defined_atomic      go to state 243
    thf_defined_term        go to state 244
    thf_defined_infix       go to state 245
    thf_system_atomic       go to state 246
    thf_let                 go to state 247
    thf_unitary_term        go to state 248
    thf_tuple               go to state 249
    thf_atom_typing         go to state 250
    thf_unitary_type        go to state 251
    thf_binary_type         go to state 252
    thf_mapping_type        go to state 253
    thf_xprod_type          go to state 254
    thf_union_type          go to state 255
    thf_subtype             go to state 256
    thf_definition          go to state 257
    thf_sequent             go to state 258
    nhf_long_connective     go to state 259
    ntf_short_connective    go to state 260
    thf_quantifier          go to state 261
    thf_unary_connective    go to state 262
    th0_quantifier          go to state 263
    type_quantifier         go to state 264
    tff_quantifier          go to state 265
    fof_quantifier          go to state 198
    unary_connective        go to state 266
    typeable_atom           go to state 267
    atomic_type             go to state 268
    system_type             go to state 202
    constant                go to state 269
    functor                 go to state 270
    defined_constant        go to state 271
    defined_functor         go to state 272
    system_constant         go to state 273
    system_functor          go to state 274
    th1_defined_term        go to state 275
    defined_term            go to state 276
    variable                go to state 277
    atomic_word             go to state 120
    atomic_defined_word     go to state 121
    atomic_system_word      go to state 211
    number                  go to state 123


State 288

  412 general_term: general_data COLON . general_term

    LBRKT            shift, and go to state 71
    _DLR_cnf         shift, and go to state 72
    _DLR_fof         shift, and go to state 73
    _DLR_fot         shift, and go to state 74
    _DLR_tff         shift, and go to state 75
    _DLR_thf         shift, and go to state 76
    back_quoted      shift, and go to state 27
    distinct_object  shift, and go to state 77
    integer          shift, and go to state 78
    lower_word       shift, and go to state 29
    rational         shift, and go to state 79
    real             shift, and go to state 80
    single_quoted    shift, and go to state 30
    upper_word       shift, and go to state 81

    variable          go to state 82
    general_term      go to state 441
    general_data      go to state 84
    general_function  go to state 85
    formula_data      go to state 86
    general_list      go to state 87
    atomic_word       go to state 88
    number            go to state 89


State 289

  420 general_function: atomic_word LPAREN . general_terms RPAREN

    LBRKT            shift, and go to state 71
    _DLR_cnf         shift, and go to state 72
    _DLR_fof         shift, and go to state 73
    _DLR_fot         shift, and go to state 74
    _DLR_tff         shift, and go to state 75
    _DLR_thf         shift, and go to state 76
    back_quoted      shift, and go to state 27
    distinct_object  shift, and go to state 77
    integer          shift, and go to state 78
    lower_word       shift, and go to state 29
    rational         shift, and go to state 79
    real             shift, and go to state 80
    single_quoted    shift, and go to state 30
    upper_word       shift, and go to state 81

    variable          go to state 82
    general_term      go to state 281
    general_data      go to state 84
    general_function  go to state 85
    formula_data      go to state 86
    general_list      go to state 87
    general_terms     go to state 442
    atomic_word       go to state 88
    number            go to state 89


State 290

  307 cnf_formula: LPAREN cnf_formula . RPAREN

    RPAREN  shift, and go to state 443


State 291

  312 cnf_literal: TILDE LPAREN . fof_atomic_formula RPAREN

    back_quoted         shift, and go to state 27
    distinct_object     shift, and go to state 92
    dollar_dollar_word  shift, and go to state 93
    dollar_word         shift, and go to state 94
    integer             shift, and go to state 78
    lower_word          shift, and go to state 29
    rational            shift, and go to state 79
    real                shift, and go to state 80
    single_quoted       shift, and go to state 30
    upper_word          shift, and go to state 81

    fof_atomic_formula          go to state 444
    fof_plain_atomic_formula    go to state 97
    fof_defined_atomic_formula  go to state 98
    fof_defined_plain_formula   go to state 99
    fof_defined_infix_formula   go to state 100
    fof_system_atomic_formula   go to state 101
    fof_plain_term              go to state 102
    fof_defined_term            go to state 103
    fof_defined_atomic_term     go to state 104
    fof_defined_plain_term      go to state 105
    fof_system_term             go to state 106
    fof_term                    go to state 293
    fof_function_term           go to state 108
    constant                    go to state 112
    functor                     go to state 113
    defined_constant            go to state 114
    defined_functor             go to state 115
    system_constant             go to state 116
    system_functor              go to state 117
    defined_term                go to state 118
    variable                    go to state 119
    atomic_word                 go to state 120
    atomic_defined_word         go to state 121
    atomic_system_word          go to state 122
    number                      go to state 123


State 292

  311 cnf_literal: TILDE fof_atomic_formula .

    $default  reduce using rule 311 (cnf_literal)


State 293

  282 fof_defined_infix_formula: fof_term . defined_infix_pred fof_term

    EQUALS  shift, and go to state 294

    defined_infix_pred  go to state 296
    infix_equality      go to state 297


State 294

  353 infix_equality: EQUALS .

    $default  reduce using rule 353 (infix_equality)


State 295

  354 infix_inequality: EXCLAMATION_EQUALS .

    $default  reduce using rule 354 (infix_inequality)


State 296

  282 fof_defined_infix_formula: fof_term defined_infix_pred . fof_term

    back_quoted         shift, and go to state 27
    distinct_object     shift, and go to state 92
    dollar_dollar_word  shift, and go to state 93
    dollar_word         shift, and go to state 94
    integer             shift, and go to state 78
    lower_word          shift, and go to state 29
    rational            shift, and go to state 79
    real                shift, and go to state 80
    single_quoted       shift, and go to state 30
    upper_word          shift, and go to state 81

    fof_plain_term           go to state 435
    fof_defined_term         go to state 103
    fof_defined_atomic_term  go to state 104
    fof_defined_plain_term   go to state 436
    fof_system_term          go to state 437
    fof_term                 go to state 445
    fof_function_term        go to state 108
    constant                 go to state 112
    functor                  go to state 113
    defined_constant         go to state 114
    defined_functor          go to state 115
    system_constant          go to state 116
    system_functor           go to state 117
    defined_term             go to state 118
    variable                 go to state 119
    atomic_word              go to state 120
    atomic_defined_word      go to state 121
    atomic_system_word       go to state 122
    number                   go to state 123


State 297

  352 defined_infix_pred: infix_equality .

    $default  reduce using rule 352 (defined_infix_pred)


State 298

  266 fof_infix_unary: fof_term infix_inequality . fof_term

    back_quoted         shift, and go to state 27
    distinct_object     shift, and go to state 92
    dollar_dollar_word  shift, and go to state 93
    dollar_word         shift, and go to state 94
    integer             shift, and go to state 78
    lower_word          shift, and go to state 29
    rational            shift, and go to state 79
    real                shift, and go to state 80
    single_quoted       shift, and go to state 30
    upper_word          shift, and go to state 81

    fof_plain_term           go to state 435
    fof_defined_term         go to state 103
    fof_defined_atomic_term  go to state 104
    fof_defined_plain_term   go to state 436
    fof_system_term          go to state 437
    fof_term                 go to state 446
    fof_function_term        go to state 108
    constant                 go to state 112
    functor                  go to state 113
    defined_constant         go to state 114
    defined_functor          go to state 115
    system_constant          go to state 116
    system_functor           go to state 117
    defined_term             go to state 118
    variable                 go to state 119
    atomic_word              go to state 120
    atomic_defined_word      go to state 121
    atomic_system_word       go to state 122
    number                   go to state 123


State 299

   18 annotations: COMMA . source optional_info

    LBRKT            shift, and go to state 447
    _LIT_creator     shift, and go to state 448
    _LIT_file        shift, and go to state 449
    _LIT_inference   shift, and go to state 450
    _LIT_introduced  shift, and go to state 451
    _LIT_theory      shift, and go to state 452
    _LIT_unknown     shift, and go to state 453
    back_quoted      shift, and go to state 27
    integer          shift, and go to state 28
    lower_word       shift, and go to state 29
    single_quoted    shift, and go to state 30

    source            go to state 454
    dag_source        go to state 455
    inference_record  go to state 456
    internal_source   go to state 457
    external_source   go to state 458
    file_source       go to state 459
    theory            go to state 460
    creator_source    go to state 461
    name              go to state 462
    atomic_word       go to state 32


State 300

   17 cnf_annotated: _LIT_cnf LPAREN name COMMA formula_role COMMA cnf_formula annotations . RPAREN PERIOD

    RPAREN  shift, and go to state 463


State 301

   19 annotations: nothing .

    $default  reduce using rule 19 (annotations)


State 302

  309 cnf_disjunction: cnf_disjunction VLINE . cnf_literal

    TILDE               shift, and go to state 91
    back_quoted         shift, and go to state 27
    distinct_object     shift, and go to state 92
    dollar_dollar_word  shift, and go to state 93
    dollar_word         shift, and go to state 94
    integer             shift, and go to state 78
    lower_word          shift, and go to state 29
    rational            shift, and go to state 79
    real                shift, and go to state 80
    single_quoted       shift, and go to state 30
    upper_word          shift, and go to state 81

    fof_infix_unary             go to state 95
    fof_atomic_formula          go to state 96
    fof_plain_atomic_formula    go to state 97
    fof_defined_atomic_formula  go to state 98
    fof_defined_plain_formula   go to state 99
    fof_defined_infix_formula   go to state 100
    fof_system_atomic_formula   go to state 101
    fof_plain_term              go to state 102
    fof_defined_term            go to state 103
    fof_defined_atomic_term     go to state 104
    fof_defined_plain_term      go to state 105
    fof_system_term             go to state 106
    fof_term                    go to state 107
    fof_function_term           go to state 108
    cnf_literal                 go to state 464
    constant                    go to state 112
    functor                     go to state 113
    defined_constant            go to state 114
    defined_functor             go to state 115
    system_constant             go to state 116
    system_functor              go to state 117
    defined_term                go to state 118
    variable                    go to state 119
    atomic_word                 go to state 120
    atomic_defined_word         go to state 121
    atomic_system_word          go to state 122
    number                      go to state 123


State 303

  285 fof_plain_term: functor LPAREN . fof_arguments RPAREN

    back_quoted         shift, and go to state 27
    distinct_object     shift, and go to state 92
    dollar_dollar_word  shift, and go to state 93
    dollar_word         shift, and go to state 94
    integer             shift, and go to state 78
    lower_word          shift, and go to state 29
    rational            shift, and go to state 79
    real                shift, and go to state 80
    single_quoted       shift, and go to state 30
    upper_word          shift, and go to state 81

    fof_plain_term           go to state 435
    fof_defined_term         go to state 103
    fof_defined_atomic_term  go to state 104
    fof_defined_plain_term   go to state 436
    fof_system_term          go to state 437
    fof_arguments            go to state 465
    fof_term                 go to state 466
    fof_function_term        go to state 108
    constant                 go to state 112
    functor                  go to state 113
    defined_constant         go to state 114
    defined_functor          go to state 115
    system_constant          go to state 116
    system_functor           go to state 117
    defined_term             go to state 118
    variable                 go to state 119
    atomic_word              go to state 120
    atomic_defined_word      go to state 121
    atomic_system_word       go to state 122
    number                   go to state 123


State 304

  290 fof_defined_plain_term: defined_functor LPAREN . fof_arguments RPAREN

    back_quoted         shift, and go to state 27
    distinct_object     shift, and go to state 92
    dollar_dollar_word  shift, and go to state 93
    dollar_word         shift, and go to state 94
    integer             shift, and go to state 78
    lower_word          shift, and go to state 29
    rational            shift, and go to state 79
    real                shift, and go to state 80
    single_quoted       shift, and go to state 30
    upper_word          shift, and go to state 81

    fof_plain_term           go to state 435
    fof_defined_term         go to state 103
    fof_defined_atomic_term  go to state 104
    fof_defined_plain_term   go to state 436
    fof_system_term          go to state 437
    fof_arguments            go to state 467
    fof_term                 go to state 466
    fof_function_term        go to state 108
    constant                 go to state 112
    functor                  go to state 113
    defined_constant         go to state 114
    defined_functor          go to state 115
    system_constant          go to state 116
    system_functor           go to state 117
    defined_term             go to state 118
    variable                 go to state 119
    atomic_word              go to state 120
    atomic_defined_word      go to state 121
    atomic_system_word       go to state 122
    number                   go to state 123


State 305

  292 fof_system_term: system_functor LPAREN . fof_arguments RPAREN

    back_quoted         shift, and go to state 27
    distinct_object     shift, and go to state 92
    dollar_dollar_word  shift, and go to state 93
    dollar_word         shift, and go to state 94
    integer             shift, and go to state 78
    lower_word          shift, and go to state 29
    rational            shift, and go to state 79
    real                shift, and go to state 80
    single_quoted       shift, and go to state 30
    upper_word          shift, and go to state 81

    fof_plain_term           go to state 435
    fof_defined_term         go to state 103
    fof_defined_atomic_term  go to state 104
    fof_defined_plain_term   go to state 436
    fof_system_term          go to state 437
    fof_arguments            go to state 468
    fof_term                 go to state 466
    fof_function_term        go to state 108
    constant                 go to state 112
    functor                  go to state 113
    defined_constant         go to state 114
    defined_functor          go to state 115
    system_constant          go to state 116
    system_functor           go to state 117
    defined_term             go to state 118
    variable                 go to state 119
    atomic_word              go to state 120
    atomic_defined_word      go to state 121
    atomic_system_word       go to state 122
    number                   go to state 123


State 306

  271 fof_unitary_formula: LPAREN . fof_logic_formula RPAREN

    EXCLAMATION         shift, and go to state 124
    LPAREN              shift, and go to state 306
    QUESTION            shift, and go to state 127
    TILDE               shift, and go to state 128
    back_quoted         shift, and go to state 27
    distinct_object     shift, and go to state 92
    dollar_dollar_word  shift, and go to state 93
    dollar_word         shift, and go to state 94
    integer             shift, and go to state 78
    lower_word          shift, and go to state 29
    rational            shift, and go to state 79
    real                shift, and go to state 80
    single_quoted       shift, and go to state 30
    upper_word          shift, and go to state 81

    fof_logic_formula           go to state 310
    fof_binary_formula          go to state 131
    fof_binary_nonassoc         go to state 132
    fof_binary_assoc            go to state 133
    fof_or_formula              go to state 134
    fof_and_formula             go to state 135
    fof_unary_formula           go to state 136
    fof_infix_unary             go to state 137
    fof_unit_formula            go to state 138
    fof_unitary_formula         go to state 139
    fof_quantified_formula      go to state 140
    fof_atomic_formula          go to state 141
    fof_plain_atomic_formula    go to state 97
    fof_defined_atomic_formula  go to state 98
    fof_defined_plain_formula   go to state 99
    fof_defined_infix_formula   go to state 100
    fof_system_atomic_formula   go to state 101
    fof_plain_term              go to state 102
    fof_defined_term            go to state 103
    fof_defined_atomic_term     go to state 104
    fof_defined_plain_term      go to state 105
    fof_system_term             go to state 106
    fof_term                    go to state 107
    fof_function_term           go to state 108
    fof_quantifier              go to state 144
    unary_connective            go to state 145
    constant                    go to state 112
    functor                     go to state 113
    defined_constant            go to state 114
    defined_functor             go to state 115
    system_constant             go to state 116
    system_functor              go to state 117
    defined_term                go to state 118
    variable                    go to state 119
    atomic_word                 go to state 120
    atomic_defined_word         go to state 121
    atomic_system_word          go to state 122
    number                      go to state 123


State 307

  302 fof_formula_tuple: LBRKT RBRKT .

    $default  reduce using rule 302 (fof_formula_tuple)


State 308

  304 fof_formula_tuple_list: fof_logic_formula .
  305                       | fof_logic_formula . COMMA fof_formula_tuple_list

    COMMA  shift, and go to state 469

    $default  reduce using rule 304 (fof_formula_tuple_list)


State 309

  303 fof_formula_tuple: LBRKT fof_formula_tuple_list . RBRKT

    RBRKT  shift, and go to state 470


State 310

  271 fof_unitary_formula: LPAREN fof_logic_formula . RPAREN

    RPAREN  shift, and go to state 471


State 311

  301 fof_sequent: LPAREN fof_sequent . RPAREN

    RPAREN  shift, and go to state 472


State 312

   16 fof_annotated: _LIT_fof LPAREN name COMMA formula_role COMMA fof_formula annotations . RPAREN PERIOD

    RPAREN  shift, and go to state 473


State 313

  261 fof_or_formula: fof_or_formula VLINE . fof_unit_formula

    EXCLAMATION         shift, and go to state 124
    LPAREN              shift, and go to state 306
    QUESTION            shift, and go to state 127
    TILDE               shift, and go to state 128
    back_quoted         shift, and go to state 27
    distinct_object     shift, and go to state 92
    dollar_dollar_word  shift, and go to state 93
    dollar_word         shift, and go to state 94
    integer             shift, and go to state 78
    lower_word          shift, and go to state 29
    rational            shift, and go to state 79
    real                shift, and go to state 80
    single_quoted       shift, and go to state 30
    upper_word          shift, and go to state 81

    fof_unary_formula           go to state 327
    fof_infix_unary             go to state 137
    fof_unit_formula            go to state 474
    fof_unitary_formula         go to state 329
    fof_quantified_formula      go to state 140
    fof_atomic_formula          go to state 141
    fof_plain_atomic_formula    go to state 97
    fof_defined_atomic_formula  go to state 98
    fof_defined_plain_formula   go to state 99
    fof_defined_infix_formula   go to state 100
    fof_system_atomic_formula   go to state 101
    fof_plain_term              go to state 102
    fof_defined_term            go to state 103
    fof_defined_atomic_term     go to state 104
    fof_defined_plain_term      go to state 105
    fof_system_term             go to state 106
    fof_term                    go to state 107
    fof_function_term           go to state 108
    fof_quantifier              go to state 144
    unary_connective            go to state 145
    constant                    go to state 112
    functor                     go to state 113
    defined_constant            go to state 114
    defined_functor             go to state 115
    system_constant             go to state 116
    system_functor              go to state 117
    defined_term                go to state 118
    variable                    go to state 119
    atomic_word                 go to state 120
    atomic_defined_word         go to state 121
    atomic_system_word          go to state 122
    number                      go to state 123


State 314

  263 fof_and_formula: fof_and_formula AMPERSAND . fof_unit_formula

    EXCLAMATION         shift, and go to state 124
    LPAREN              shift, and go to state 306
    QUESTION            shift, and go to state 127
    TILDE               shift, and go to state 128
    back_quoted         shift, and go to state 27
    distinct_object     shift, and go to state 92
    dollar_dollar_word  shift, and go to state 93
    dollar_word         shift, and go to state 94
    integer             shift, and go to state 78
    lower_word          shift, and go to state 29
    rational            shift, and go to state 79
    real                shift, and go to state 80
    single_quoted       shift, and go to state 30
    upper_word          shift, and go to state 81

    fof_unary_formula           go to state 327
    fof_infix_unary             go to state 137
    fof_unit_formula            go to state 475
    fof_unitary_formula         go to state 329
    fof_quantified_formula      go to state 140
    fof_atomic_formula          go to state 141
    fof_plain_atomic_formula    go to state 97
    fof_defined_atomic_formula  go to state 98
    fof_defined_plain_formula   go to state 99
    fof_defined_infix_formula   go to state 100
    fof_system_atomic_formula   go to state 101
    fof_plain_term              go to state 102
    fof_defined_term            go to state 103
    fof_defined_atomic_term     go to state 104
    fof_defined_plain_term      go to state 105
    fof_system_term             go to state 106
    fof_term                    go to state 107
    fof_function_term           go to state 108
    fof_quantifier              go to state 144
    unary_connective            go to state 145
    constant                    go to state 112
    functor                     go to state 113
    defined_constant            go to state 114
    defined_functor             go to state 115
    system_constant             go to state 116
    system_functor              go to state 117
    defined_term                go to state 118
    variable                    go to state 119
    atomic_word                 go to state 120
    atomic_defined_word         go to state 121
    atomic_system_word          go to state 122
    number                      go to state 123


State 315

  262 fof_and_formula: fof_unit_formula AMPERSAND . fof_unit_formula

    EXCLAMATION         shift, and go to state 124
    LPAREN              shift, and go to state 306
    QUESTION            shift, and go to state 127
    TILDE               shift, and go to state 128
    back_quoted         shift, and go to state 27
    distinct_object     shift, and go to state 92
    dollar_dollar_word  shift, and go to state 93
    dollar_word         shift, and go to state 94
    integer             shift, and go to state 78
    lower_word          shift, and go to state 29
    rational            shift, and go to state 79
    real                shift, and go to state 80
    single_quoted       shift, and go to state 30
    upper_word          shift, and go to state 81

    fof_unary_formula           go to state 327
    fof_infix_unary             go to state 137
    fof_unit_formula            go to state 476
    fof_unitary_formula         go to state 329
    fof_quantified_formula      go to state 140
    fof_atomic_formula          go to state 141
    fof_plain_atomic_formula    go to state 97
    fof_defined_atomic_formula  go to state 98
    fof_defined_plain_formula   go to state 99
    fof_defined_infix_formula   go to state 100
    fof_system_atomic_formula   go to state 101
    fof_plain_term              go to state 102
    fof_defined_term            go to state 103
    fof_defined_atomic_term     go to state 104
    fof_defined_plain_term      go to state 105
    fof_system_term             go to state 106
    fof_term                    go to state 107
    fof_function_term           go to state 108
    fof_quantifier              go to state 144
    unary_connective            go to state 145
    constant                    go to state 112
    functor                     go to state 113
    defined_constant            go to state 114
    defined_functor             go to state 115
    system_constant             go to state 116
    system_functor              go to state 117
    defined_term                go to state 118
    variable                    go to state 119
    atomic_word                 go to state 120
    atomic_defined_word         go to state 121
    atomic_system_word          go to state 122
    number                      go to state 123


State 316

  332 nonassoc_connective: EQUALS_GREATER .

    $default  reduce using rule 332 (nonassoc_connective)


State 317

  333 nonassoc_connective: LESS_EQUALS .

    $default  reduce using rule 333 (nonassoc_connective)


State 318

  331 nonassoc_connective: LESS_EQUALS_GREATER .

    $default  reduce using rule 331 (nonassoc_connective)


State 319

  334 nonassoc_connective: LESS_TILDE_GREATER .

    $default  reduce using rule 334 (nonassoc_connective)


State 320

  336 nonassoc_connective: TILDE_AMPERSAND .

    $default  reduce using rule 336 (nonassoc_connective)


State 321

  335 nonassoc_connective: TILDE_VLINE .

    $default  reduce using rule 335 (nonassoc_connective)


State 322

  260 fof_or_formula: fof_unit_formula VLINE . fof_unit_formula

    EXCLAMATION         shift, and go to state 124
    LPAREN              shift, and go to state 306
    QUESTION            shift, and go to state 127
    TILDE               shift, and go to state 128
    back_quoted         shift, and go to state 27
    distinct_object     shift, and go to state 92
    dollar_dollar_word  shift, and go to state 93
    dollar_word         shift, and go to state 94
    integer             shift, and go to state 78
    lower_word          shift, and go to state 29
    rational            shift, and go to state 79
    real                shift, and go to state 80
    single_quoted       shift, and go to state 30
    upper_word          shift, and go to state 81

    fof_unary_formula           go to state 327
    fof_infix_unary             go to state 137
    fof_unit_formula            go to state 477
    fof_unitary_formula         go to state 329
    fof_quantified_formula      go to state 140
    fof_atomic_formula          go to state 141
    fof_plain_atomic_formula    go to state 97
    fof_defined_atomic_formula  go to state 98
    fof_defined_plain_formula   go to state 99
    fof_defined_infix_formula   go to state 100
    fof_system_atomic_formula   go to state 101
    fof_plain_term              go to state 102
    fof_defined_term            go to state 103
    fof_defined_atomic_term     go to state 104
    fof_defined_plain_term      go to state 105
    fof_system_term             go to state 106
    fof_term                    go to state 107
    fof_function_term           go to state 108
    fof_quantifier              go to state 144
    unary_connective            go to state 145
    constant                    go to state 112
    functor                     go to state 113
    defined_constant            go to state 114
    defined_functor             go to state 115
    system_constant             go to state 116
    system_functor              go to state 117
    defined_term                go to state 118
    variable                    go to state 119
    atomic_word                 go to state 120
    atomic_defined_word         go to state 121
    atomic_system_word          go to state 122
    number                      go to state 123


State 323

  257 fof_binary_nonassoc: fof_unit_formula nonassoc_connective . fof_unit_formula

    EXCLAMATION         shift, and go to state 124
    LPAREN              shift, and go to state 306
    QUESTION            shift, and go to state 127
    TILDE               shift, and go to state 128
    back_quoted         shift, and go to state 27
    distinct_object     shift, and go to state 92
    dollar_dollar_word  shift, and go to state 93
    dollar_word         shift, and go to state 94
    integer             shift, and go to state 78
    lower_word          shift, and go to state 29
    rational            shift, and go to state 79
    real                shift, and go to state 80
    single_quoted       shift, and go to state 30
    upper_word          shift, and go to state 81

    fof_unary_formula           go to state 327
    fof_infix_unary             go to state 137
    fof_unit_formula            go to state 478
    fof_unitary_formula         go to state 329
    fof_quantified_formula      go to state 140
    fof_atomic_formula          go to state 141
    fof_plain_atomic_formula    go to state 97
    fof_defined_atomic_formula  go to state 98
    fof_defined_plain_formula   go to state 99
    fof_defined_infix_formula   go to state 100
    fof_system_atomic_formula   go to state 101
    fof_plain_term              go to state 102
    fof_defined_term            go to state 103
    fof_defined_atomic_term     go to state 104
    fof_defined_plain_term      go to state 105
    fof_system_term             go to state 106
    fof_term                    go to state 107
    fof_function_term           go to state 108
    fof_quantifier              go to state 144
    unary_connective            go to state 145
    constant                    go to state 112
    functor                     go to state 113
    defined_constant            go to state 114
    defined_functor             go to state 115
    system_constant             go to state 116
    system_functor              go to state 117
    defined_term                go to state 118
    variable                    go to state 119
    atomic_word                 go to state 120
    atomic_defined_word         go to state 121
    atomic_system_word          go to state 122
    number                      go to state 123


State 324

  340 gentzen_arrow: MINUS_MINUS_GREATER .

    $default  reduce using rule 340 (gentzen_arrow)


State 325

  300 fof_sequent: fof_formula_tuple gentzen_arrow . fof_formula_tuple

    LBRKT  shift, and go to state 125

    fof_formula_tuple  go to state 479


State 326

  272 fof_quantified_formula: fof_quantifier LBRKT . fof_variable_list RBRKT COLON fof_unit_formula

    upper_word  shift, and go to state 81

    fof_variable_list  go to state 480
    variable           go to state 481


State 327

  268 fof_unit_formula: fof_unary_formula .

    $default  reduce using rule 268 (fof_unit_formula)


State 328

  264 fof_unary_formula: unary_connective fof_unit_formula .

    $default  reduce using rule 264 (fof_unary_formula)


State 329

  267 fof_unit_formula: fof_unitary_formula .

    $default  reduce using rule 267 (fof_unit_formula)


State 330

  409 name_list: name COMMA name_list .

    $default  reduce using rule 409 (name_list)


State 331

  249 tcf_quantified_formula: EXCLAMATION LBRKT . tff_variable_list RBRKT COLON tcf_logic_formula

    upper_word  shift, and go to state 81

    tff_variable_list   go to state 482
    tff_variable        go to state 483
    tff_typed_variable  go to state 484
    variable            go to state 485


State 332

  194 tff_atom_typing: LPAREN tff_atom_typing . RPAREN

    RPAREN  shift, and go to state 486


State 333

   15 tcf_annotated: _LIT_tcf LPAREN name COMMA formula_role COMMA tcf_formula annotations . RPAREN PERIOD

    RPAREN  shift, and go to state 487


State 334

  193 tff_atom_typing: typeable_atom COLON . tff_top_level_type

    EXCLAMATION_GREATER  shift, and go to state 219
    LBRKT                shift, and go to state 488
    LPAREN               shift, and go to state 489
    QUESTION_STAR        shift, and go to state 224
    back_quoted          shift, and go to state 27
    dollar_word          shift, and go to state 94
    lower_word           shift, and go to state 29
    single_quoted        shift, and go to state 30
    upper_word           shift, and go to state 81

    tff_top_level_type   go to state 490
    tff_non_atomic_type  go to state 491
    tf1_quantified_type  go to state 492
    tff_unitary_type     go to state 493
    tff_atomic_type      go to state 494
    tff_mapping_type     go to state 495
    txf_tuple_type       go to state 496
    type_quantifier      go to state 497
    type_constant        go to state 498
    type_functor         go to state 499
    defined_type         go to state 500
    variable             go to state 501
    atomic_word          go to state 502
    atomic_defined_word  go to state 503


State 335

  243 ntf_short_connective: LBRACE PERIOD . RBRACE

    RBRACE  shift, and go to state 504


State 336

  230 nxf_long_connective: LBRACE ntf_connective_name . RBRACE
  231                    | LBRACE ntf_connective_name . LPAREN nxf_parameter_list RPAREN RBRACE

    LPAREN  shift, and go to state 505
    RBRACE  shift, and go to state 506


State 337

  237 ntf_connective_name: ntf_defined_connective .

    $default  reduce using rule 237 (ntf_connective_name)


State 338

  239 ntf_defined_connective: atomic_defined_word .

    $default  reduce using rule 239 (ntf_defined_connective)


State 339

  238 ntf_connective_name: atomic_system_word .

    $default  reduce using rule 238 (ntf_connective_name)


State 340

  143 tff_unitary_formula: LPAREN . tff_logic_formula RPAREN
  188 tff_unitary_term: LPAREN . tff_logic_formula RPAREN
  244 ntf_short_connective: LPAREN . PERIOD RPAREN

    EXCLAMATION         shift, and go to state 124
    LBRACE              shift, and go to state 160
    LBRKT               shift, and go to state 161
    LPAREN              shift, and go to state 340
    PERIOD              shift, and go to state 350
    QUESTION            shift, and go to state 127
    TILDE               shift, and go to state 128
    _DLR_let            shift, and go to state 163
    back_quoted         shift, and go to state 27
    distinct_object     shift, and go to state 92
    dollar_dollar_word  shift, and go to state 93
    dollar_word         shift, and go to state 94
    hash                shift, and go to state 164
    integer             shift, and go to state 78
    less_sign           shift, and go to state 165
    lower_word          shift, and go to state 29
    rational            shift, and go to state 79
    real                shift, and go to state 80
    single_quoted       shift, and go to state 30
    upper_word          shift, and go to state 81

    tff_logic_formula       go to state 351
    tff_binary_formula      go to state 168
    tff_binary_nonassoc     go to state 169
    tff_binary_assoc        go to state 170
    tff_or_formula          go to state 171
    tff_and_formula         go to state 172
    tff_unit_formula        go to state 173
    tff_unitary_formula     go to state 174
    txf_unitary_formula     go to state 175
    tff_quantified_formula  go to state 176
    tff_unary_formula       go to state 177
    tff_prefix_unary        go to state 178
    tff_infix_unary         go to state 179
    tff_atomic_formula      go to state 180
    tff_plain_atomic        go to state 181
    tff_defined_atomic      go to state 182
    tff_defined_plain       go to state 183
    tff_defined_infix       go to state 184
    tff_system_atomic       go to state 185
    txf_let                 go to state 186
    nxf_atom                go to state 187
    tff_unitary_term        go to state 188
    txf_tuple               go to state 189
    txf_definition          go to state 192
    txf_sequent             go to state 193
    nxf_long_connective     go to state 194
    ntf_short_connective    go to state 195
    tff_unary_connective    go to state 196
    tff_quantifier          go to state 197
    fof_quantifier          go to state 198
    unary_connective        go to state 199
    constant                go to state 347
    functor                 go to state 204
    defined_constant        go to state 348
    defined_functor         go to state 206
    system_constant         go to state 207
    system_functor          go to state 208
    defined_term            go to state 209
    variable                go to state 210
    atomic_word             go to state 120
    atomic_defined_word     go to state 121
    atomic_system_word      go to state 122
    number                  go to state 123


State 341

  241 ntf_short_connective: LBRKT PERIOD . RBRKT

    RBRKT  shift, and go to state 507


State 342

  189 txf_tuple: LBRKT RBRKT .

    $default  reduce using rule 189 (txf_tuple)


State 343

  181 tff_term: tff_logic_formula .

    $default  reduce using rule 181 (tff_term)


State 344

  191 tff_arguments: tff_term .
  192              | tff_term . COMMA tff_arguments

    COMMA  shift, and go to state 508

    $default  reduce using rule 191 (tff_arguments)


State 345

  183 tff_term: txf_tuple .
  186 tff_unitary_term: txf_tuple .
  222 txf_sequent: txf_tuple . gentzen_arrow txf_tuple

    MINUS_MINUS_GREATER  shift, and go to state 324

    EQUALS              reduce using rule 186 (tff_unitary_term)
    EXCLAMATION_EQUALS  reduce using rule 186 (tff_unitary_term)
    $default            reduce using rule 183 (tff_term)

    gentzen_arrow  go to state 364


State 346

  190 txf_tuple: LBRKT tff_arguments . RBRKT

    RBRKT  shift, and go to state 509


State 347

  158 tff_plain_atomic: constant .

    $default  reduce using rule 158 (tff_plain_atomic)


State 348

  161 tff_defined_plain: defined_constant .

    $default  reduce using rule 161 (tff_defined_plain)


State 349

  182 tff_term: defined_term .
  185 tff_unitary_term: defined_term .

    EQUALS              reduce using rule 185 (tff_unitary_term)
    EXCLAMATION_EQUALS  reduce using rule 185 (tff_unitary_term)
    $default            reduce using rule 182 (tff_term)


State 350

  244 ntf_short_connective: LPAREN PERIOD . RPAREN

    RPAREN  shift, and go to state 510


State 351

  143 tff_unitary_formula: LPAREN tff_logic_formula . RPAREN
  188 tff_unitary_term: LPAREN tff_logic_formula . RPAREN

    RPAREN  shift, and go to state 511


State 352

  168 txf_let: _DLR_let LPAREN . txf_let_types COMMA txf_let_defns COMMA tff_term RPAREN

    LBRKT            shift, and go to state 512
    LPAREN           shift, and go to state 513
    back_quoted      shift, and go to state 27
    distinct_object  shift, and go to state 514
    lower_word       shift, and go to state 29
    single_quoted    shift, and go to state 30

    txf_let_types    go to state 515
    tff_atom_typing  go to state 516
    typeable_atom    go to state 158
    constant         go to state 517
    functor          go to state 270
    atomic_word      go to state 120


State 353

  242 ntf_short_connective: less_sign PERIOD . arrow

    arrow  shift, and go to state 518


State 354

   14 tff_annotated: _LIT_tff LPAREN name COMMA formula_role COMMA tff_formula annotations . RPAREN PERIOD

    RPAREN  shift, and go to state 519


State 355

  132 tff_or_formula: tff_or_formula VLINE . tff_unit_formula

    EXCLAMATION         shift, and go to state 124
    LBRACE              shift, and go to state 160
    LBRKT               shift, and go to state 161
    LPAREN              shift, and go to state 340
    QUESTION            shift, and go to state 127
    TILDE               shift, and go to state 128
    _DLR_let            shift, and go to state 163
    back_quoted         shift, and go to state 27
    distinct_object     shift, and go to state 92
    dollar_dollar_word  shift, and go to state 93
    dollar_word         shift, and go to state 94
    hash                shift, and go to state 164
    integer             shift, and go to state 78
    less_sign           shift, and go to state 165
    lower_word          shift, and go to state 29
    rational            shift, and go to state 79
    real                shift, and go to state 80
    single_quoted       shift, and go to state 30
    upper_word          shift, and go to state 81

    tff_unit_formula        go to state 520
    tff_unitary_formula     go to state 521
    txf_unitary_formula     go to state 175
    tff_quantified_formula  go to state 176
    tff_unary_formula       go to state 522
    tff_prefix_unary        go to state 178
    tff_infix_unary         go to state 179
    tff_atomic_formula      go to state 523
    tff_plain_atomic        go to state 181
    tff_defined_atomic      go to state 182
    tff_defined_plain       go to state 183
    tff_defined_infix       go to state 524
    tff_system_atomic       go to state 185
    txf_let                 go to state 186
    nxf_atom                go to state 187
    tff_unitary_term        go to state 188
    txf_tuple               go to state 525
    nxf_long_connective     go to state 194
    ntf_short_connective    go to state 195
    tff_unary_connective    go to state 196
    tff_quantifier          go to state 197
    fof_quantifier          go to state 198
    unary_connective        go to state 199
    constant                go to state 347
    functor                 go to state 204
    defined_constant        go to state 348
    defined_functor         go to state 206
    system_constant         go to state 207
    system_functor          go to state 208
    defined_term            go to state 209
    variable                go to state 210
    atomic_word             go to state 120
    atomic_defined_word     go to state 121
    atomic_system_word      go to state 122
    number                  go to state 123


State 356

  134 tff_and_formula: tff_and_formula AMPERSAND . tff_unit_formula

    EXCLAMATION         shift, and go to state 124
    LBRACE              shift, and go to state 160
    LBRKT               shift, and go to state 161
    LPAREN              shift, and go to state 340
    QUESTION            shift, and go to state 127
    TILDE               shift, and go to state 128
    _DLR_let            shift, and go to state 163
    back_quoted         shift, and go to state 27
    distinct_object     shift, and go to state 92
    dollar_dollar_word  shift, and go to state 93
    dollar_word         shift, and go to state 94
    hash                shift, and go to state 164
    integer             shift, and go to state 78
    less_sign           shift, and go to state 165
    lower_word          shift, and go to state 29
    rational            shift, and go to state 79
    real                shift, and go to state 80
    single_quoted       shift, and go to state 30
    upper_word          shift, and go to state 81

    tff_unit_formula        go to state 526
    tff_unitary_formula     go to state 521
    txf_unitary_formula     go to state 175
    tff_quantified_formula  go to state 176
    tff_unary_formula       go to state 522
    tff_prefix_unary        go to state 178
    tff_infix_unary         go to state 179
    tff_atomic_formula      go to state 523
    tff_plain_atomic        go to state 181
    tff_defined_atomic      go to state 182
    tff_defined_plain       go to state 183
    tff_defined_infix       go to state 524
    tff_system_atomic       go to state 185
    txf_let                 go to state 186
    nxf_atom                go to state 187
    tff_unitary_term        go to state 188
    txf_tuple               go to state 525
    nxf_long_connective     go to state 194
    ntf_short_connective    go to state 195
    tff_unary_connective    go to state 196
    tff_quantifier          go to state 197
    fof_quantifier          go to state 198
    unary_connective        go to state 199
    constant                go to state 347
    functor                 go to state 204
    defined_constant        go to state 348
    defined_functor         go to state 206
    system_constant         go to state 207
    system_functor          go to state 208
    defined_term            go to state 209
    variable                go to state 210
    atomic_word             go to state 120
    atomic_defined_word     go to state 121
    atomic_system_word      go to state 122
    number                  go to state 123


State 357

  133 tff_and_formula: tff_unit_formula AMPERSAND . tff_unit_formula

    EXCLAMATION         shift, and go to state 124
    LBRACE              shift, and go to state 160
    LBRKT               shift, and go to state 161
    LPAREN              shift, and go to state 340
    QUESTION            shift, and go to state 127
    TILDE               shift, and go to state 128
    _DLR_let            shift, and go to state 163
    back_quoted         shift, and go to state 27
    distinct_object     shift, and go to state 92
    dollar_dollar_word  shift, and go to state 93
    dollar_word         shift, and go to state 94
    hash                shift, and go to state 164
    integer             shift, and go to state 78
    less_sign           shift, and go to state 165
    lower_word          shift, and go to state 29
    rational            shift, and go to state 79
    real                shift, and go to state 80
    single_quoted       shift, and go to state 30
    upper_word          shift, and go to state 81

    tff_unit_formula        go to state 527
    tff_unitary_formula     go to state 521
    txf_unitary_formula     go to state 175
    tff_quantified_formula  go to state 176
    tff_unary_formula       go to state 522
    tff_prefix_unary        go to state 178
    tff_infix_unary         go to state 179
    tff_atomic_formula      go to state 523
    tff_plain_atomic        go to state 181
    tff_defined_atomic      go to state 182
    tff_defined_plain       go to state 183
    tff_defined_infix       go to state 524
    tff_system_atomic       go to state 185
    txf_let                 go to state 186
    nxf_atom                go to state 187
    tff_unitary_term        go to state 188
    txf_tuple               go to state 525
    nxf_long_connective     go to state 194
    ntf_short_connective    go to state 195
    tff_unary_connective    go to state 196
    tff_quantifier          go to state 197
    fof_quantifier          go to state 198
    unary_connective        go to state 199
    constant                go to state 347
    functor                 go to state 204
    defined_constant        go to state 348
    defined_functor         go to state 206
    system_constant         go to state 207
    system_functor          go to state 208
    defined_term            go to state 209
    variable                go to state 210
    atomic_word             go to state 120
    atomic_defined_word     go to state 121
    atomic_system_word      go to state 122
    number                  go to state 123


State 358

  131 tff_or_formula: tff_unit_formula VLINE . tff_unit_formula

    EXCLAMATION         shift, and go to state 124
    LBRACE              shift, and go to state 160
    LBRKT               shift, and go to state 161
    LPAREN              shift, and go to state 340
    QUESTION            shift, and go to state 127
    TILDE               shift, and go to state 128
    _DLR_let            shift, and go to state 163
    back_quoted         shift, and go to state 27
    distinct_object     shift, and go to state 92
    dollar_dollar_word  shift, and go to state 93
    dollar_word         shift, and go to state 94
    hash                shift, and go to state 164
    integer             shift, and go to state 78
    less_sign           shift, and go to state 165
    lower_word          shift, and go to state 29
    rational            shift, and go to state 79
    real                shift, and go to state 80
    single_quoted       shift, and go to state 30
    upper_word          shift, and go to state 81

    tff_unit_formula        go to state 528
    tff_unitary_formula     go to state 521
    txf_unitary_formula     go to state 175
    tff_quantified_formula  go to state 176
    tff_unary_formula       go to state 522
    tff_prefix_unary        go to state 178
    tff_infix_unary         go to state 179
    tff_atomic_formula      go to state 523
    tff_plain_atomic        go to state 181
    tff_defined_atomic      go to state 182
    tff_defined_plain       go to state 183
    tff_defined_infix       go to state 524
    tff_system_atomic       go to state 185
    txf_let                 go to state 186
    nxf_atom                go to state 187
    tff_unitary_term        go to state 188
    txf_tuple               go to state 525
    nxf_long_connective     go to state 194
    ntf_short_connective    go to state 195
    tff_unary_connective    go to state 196
    tff_quantifier          go to state 197
    fof_quantifier          go to state 198
    unary_connective        go to state 199
    constant                go to state 347
    functor                 go to state 204
    defined_constant        go to state 348
    defined_functor         go to state 206
    system_constant         go to state 207
    system_functor          go to state 208
    defined_term            go to state 209
    variable                go to state 210
    atomic_word             go to state 120
    atomic_defined_word     go to state 121
    atomic_system_word      go to state 122
    number                  go to state 123


State 359

  128 tff_binary_nonassoc: tff_unit_formula nonassoc_connective . tff_unit_formula

    EXCLAMATION         shift, and go to state 124
    LBRACE              shift, and go to state 160
    LBRKT               shift, and go to state 161
    LPAREN              shift, and go to state 340
    QUESTION            shift, and go to state 127
    TILDE               shift, and go to state 128
    _DLR_let            shift, and go to state 163
    back_quoted         shift, and go to state 27
    distinct_object     shift, and go to state 92
    dollar_dollar_word  shift, and go to state 93
    dollar_word         shift, and go to state 94
    hash                shift, and go to state 164
    integer             shift, and go to state 78
    less_sign           shift, and go to state 165
    lower_word          shift, and go to state 29
    rational            shift, and go to state 79
    real                shift, and go to state 80
    single_quoted       shift, and go to state 30
    upper_word          shift, and go to state 81

    tff_unit_formula        go to state 529
    tff_unitary_formula     go to state 521
    txf_unitary_formula     go to state 175
    tff_quantified_formula  go to state 176
    tff_unary_formula       go to state 522
    tff_prefix_unary        go to state 178
    tff_infix_unary         go to state 179
    tff_atomic_formula      go to state 523
    tff_plain_atomic        go to state 181
    tff_defined_atomic      go to state 182
    tff_defined_plain       go to state 183
    tff_defined_infix       go to state 524
    tff_system_atomic       go to state 185
    txf_let                 go to state 186
    nxf_atom                go to state 187
    tff_unitary_term        go to state 188
    txf_tuple               go to state 525
    nxf_long_connective     go to state 194
    ntf_short_connective    go to state 195
    tff_unary_connective    go to state 196
    tff_quantifier          go to state 197
    fof_quantifier          go to state 198
    unary_connective        go to state 199
    constant                go to state 347
    functor                 go to state 204
    defined_constant        go to state 348
    defined_functor         go to state 206
    system_constant         go to state 207
    system_functor          go to state 208
    defined_term            go to state 209
    variable                go to state 210
    atomic_word             go to state 120
    atomic_defined_word     go to state 121
    atomic_system_word      go to state 122
    number                  go to state 123


State 360

  342 identical: EQUALS_EQUALS .

    $default  reduce using rule 342 (identical)


State 361

  221 txf_definition: tff_atomic_formula identical . tff_term

    EXCLAMATION         shift, and go to state 124
    LBRACE              shift, and go to state 160
    LBRKT               shift, and go to state 161
    LPAREN              shift, and go to state 340
    QUESTION            shift, and go to state 127
    TILDE               shift, and go to state 128
    _DLR_let            shift, and go to state 163
    back_quoted         shift, and go to state 27
    distinct_object     shift, and go to state 92
    dollar_dollar_word  shift, and go to state 93
    dollar_word         shift, and go to state 94
    hash                shift, and go to state 164
    integer             shift, and go to state 78
    less_sign           shift, and go to state 165
    lower_word          shift, and go to state 29
    rational            shift, and go to state 79
    real                shift, and go to state 80
    single_quoted       shift, and go to state 30
    upper_word          shift, and go to state 81

    tff_logic_formula       go to state 343
    tff_binary_formula      go to state 168
    tff_binary_nonassoc     go to state 169
    tff_binary_assoc        go to state 170
    tff_or_formula          go to state 171
    tff_and_formula         go to state 172
    tff_unit_formula        go to state 173
    tff_unitary_formula     go to state 174
    txf_unitary_formula     go to state 175
    tff_quantified_formula  go to state 176
    tff_unary_formula       go to state 177
    tff_prefix_unary        go to state 178
    tff_infix_unary         go to state 179
    tff_atomic_formula      go to state 180
    tff_plain_atomic        go to state 181
    tff_defined_atomic      go to state 182
    tff_defined_plain       go to state 183
    tff_defined_infix       go to state 184
    tff_system_atomic       go to state 185
    txf_let                 go to state 186
    nxf_atom                go to state 187
    tff_term                go to state 530
    tff_unitary_term        go to state 188
    txf_tuple               go to state 345
    txf_definition          go to state 192
    txf_sequent             go to state 193
    nxf_long_connective     go to state 194
    ntf_short_connective    go to state 195
    tff_unary_connective    go to state 196
    tff_quantifier          go to state 197
    fof_quantifier          go to state 198
    unary_connective        go to state 199
    constant                go to state 347
    functor                 go to state 204
    defined_constant        go to state 348
    defined_functor         go to state 206
    system_constant         go to state 207
    system_functor          go to state 208
    defined_term            go to state 349
    variable                go to state 210
    atomic_word             go to state 120
    atomic_defined_word     go to state 121
    atomic_system_word      go to state 122
    number                  go to state 123


State 362

  165 tff_defined_infix: tff_unitary_term defined_infix_pred . tff_unitary_term

    LBRACE              shift, and go to state 531
    LBRKT               shift, and go to state 532
    LPAREN              shift, and go to state 533
    _DLR_let            shift, and go to state 163
    back_quoted         shift, and go to state 27
    distinct_object     shift, and go to state 92
    dollar_dollar_word  shift, and go to state 93
    dollar_word         shift, and go to state 94
    integer             shift, and go to state 78
    lower_word          shift, and go to state 29
    rational            shift, and go to state 79
    real                shift, and go to state 80
    single_quoted       shift, and go to state 30
    upper_word          shift, and go to state 81

    tff_atomic_formula   go to state 534
    tff_plain_atomic     go to state 181
    tff_defined_atomic   go to state 182
    tff_defined_plain    go to state 183
    tff_system_atomic    go to state 185
    txf_let              go to state 186
    nxf_atom             go to state 187
    tff_unitary_term     go to state 535
    txf_tuple            go to state 525
    nxf_long_connective  go to state 194
    constant             go to state 347
    functor              go to state 204
    defined_constant     go to state 348
    defined_functor      go to state 206
    system_constant      go to state 207
    system_functor       go to state 208
    defined_term         go to state 209
    variable             go to state 536
    atomic_word          go to state 120
    atomic_defined_word  go to state 121
    atomic_system_word   go to state 122
    number               go to state 123


State 363

  154 tff_infix_unary: tff_unitary_term infix_inequality . tff_unitary_term

    LBRACE              shift, and go to state 531
    LBRKT               shift, and go to state 532
    LPAREN              shift, and go to state 533
    _DLR_let            shift, and go to state 163
    back_quoted         shift, and go to state 27
    distinct_object     shift, and go to state 92
    dollar_dollar_word  shift, and go to state 93
    dollar_word         shift, and go to state 94
    integer             shift, and go to state 78
    lower_word          shift, and go to state 29
    rational            shift, and go to state 79
    real                shift, and go to state 80
    single_quoted       shift, and go to state 30
    upper_word          shift, and go to state 81

    tff_atomic_formula   go to state 534
    tff_plain_atomic     go to state 181
    tff_defined_atomic   go to state 182
    tff_defined_plain    go to state 183
    tff_system_atomic    go to state 185
    txf_let              go to state 186
    nxf_atom             go to state 187
    tff_unitary_term     go to state 537
    txf_tuple            go to state 525
    nxf_long_connective  go to state 194
    constant             go to state 347
    functor              go to state 204
    defined_constant     go to state 348
    defined_functor      go to state 206
    system_constant      go to state 207
    system_functor       go to state 208
    defined_term         go to state 209
    variable             go to state 536
    atomic_word          go to state 120
    atomic_defined_word  go to state 121
    atomic_system_word   go to state 122
    number               go to state 123


State 364

  222 txf_sequent: txf_tuple gentzen_arrow . txf_tuple

    LBRKT  shift, and go to state 532

    txf_tuple  go to state 538


State 365

  180 nxf_atom: nxf_long_connective AT_SIGN . LPAREN tff_arguments RPAREN

    LPAREN  shift, and go to state 539


State 366

  241 ntf_short_connective: LBRKT . PERIOD RBRKT

    PERIOD  shift, and go to state 341


State 367

  143 tff_unitary_formula: LPAREN . tff_logic_formula RPAREN
  244 ntf_short_connective: LPAREN . PERIOD RPAREN

    EXCLAMATION         shift, and go to state 124
    LBRACE              shift, and go to state 160
    LBRKT               shift, and go to state 161
    LPAREN              shift, and go to state 340
    PERIOD              shift, and go to state 350
    QUESTION            shift, and go to state 127
    TILDE               shift, and go to state 128
    _DLR_let            shift, and go to state 163
    back_quoted         shift, and go to state 27
    distinct_object     shift, and go to state 92
    dollar_dollar_word  shift, and go to state 93
    dollar_word         shift, and go to state 94
    hash                shift, and go to state 164
    integer             shift, and go to state 78
    less_sign           shift, and go to state 165
    lower_word          shift, and go to state 29
    rational            shift, and go to state 79
    real                shift, and go to state 80
    single_quoted       shift, and go to state 30
    upper_word          shift, and go to state 81

    tff_logic_formula       go to state 540
    tff_binary_formula      go to state 168
    tff_binary_nonassoc     go to state 169
    tff_binary_assoc        go to state 170
    tff_or_formula          go to state 171
    tff_and_formula         go to state 172
    tff_unit_formula        go to state 173
    tff_unitary_formula     go to state 174
    txf_unitary_formula     go to state 175
    tff_quantified_formula  go to state 176
    tff_unary_formula       go to state 177
    tff_prefix_unary        go to state 178
    tff_infix_unary         go to state 179
    tff_atomic_formula      go to state 180
    tff_plain_atomic        go to state 181
    tff_defined_atomic      go to state 182
    tff_defined_plain       go to state 183
    tff_defined_infix       go to state 184
    tff_system_atomic       go to state 185
    txf_let                 go to state 186
    nxf_atom                go to state 187
    tff_unitary_term        go to state 188
    txf_tuple               go to state 189
    txf_definition          go to state 192
    txf_sequent             go to state 193
    nxf_long_connective     go to state 194
    ntf_short_connective    go to state 195
    tff_unary_connective    go to state 196
    tff_quantifier          go to state 197
    fof_quantifier          go to state 198
    unary_connective        go to state 199
    constant                go to state 347
    functor                 go to state 204
    defined_constant        go to state 348
    defined_functor         go to state 206
    system_constant         go to state 207
    system_functor          go to state 208
    defined_term            go to state 209
    variable                go to state 210
    atomic_word             go to state 120
    atomic_defined_word     go to state 121
    atomic_system_word      go to state 122
    number                  go to state 123


State 368

  153 tff_prefix_unary: tff_unary_connective tff_preunit_formula .

    $default  reduce using rule 153 (tff_prefix_unary)


State 369

  138 tff_preunit_formula: tff_unitary_formula .

    $default  reduce using rule 138 (tff_preunit_formula)


State 370

  139 tff_preunit_formula: tff_prefix_unary .

    $default  reduce using rule 139 (tff_preunit_formula)


State 371

  141 tff_unitary_formula: tff_atomic_formula .

    $default  reduce using rule 141 (tff_unitary_formula)


State 372

  144 txf_unitary_formula: variable .

    $default  reduce using rule 144 (txf_unitary_formula)


State 373

  145 tff_quantified_formula: tff_quantifier LBRKT . tff_variable_list RBRKT COLON tff_unit_formula

    upper_word  shift, and go to state 81

    tff_variable_list   go to state 541
    tff_variable        go to state 483
    tff_typed_variable  go to state 484
    variable            go to state 485


State 374

  324 subtype_sign: LESS_LESS .

    $default  reduce using rule 324 (subtype_sign)


State 375

  220 tff_subtype: atomic_type subtype_sign . atomic_type

    back_quoted         shift, and go to state 27
    distinct_object     shift, and go to state 514
    dollar_dollar_word  shift, and go to state 93
    dollar_word         shift, and go to state 94
    lower_word          shift, and go to state 29
    single_quoted       shift, and go to state 30

    typeable_atom        go to state 542
    atomic_type          go to state 543
    system_type          go to state 202
    constant             go to state 517
    functor              go to state 270
    defined_constant     go to state 544
    defined_functor      go to state 272
    atomic_word          go to state 120
    atomic_defined_word  go to state 121
    atomic_system_word   go to state 545


State 376

  159 tff_plain_atomic: functor LPAREN . tff_arguments RPAREN

    EXCLAMATION         shift, and go to state 124
    LBRACE              shift, and go to state 160
    LBRKT               shift, and go to state 161
    LPAREN              shift, and go to state 340
    QUESTION            shift, and go to state 127
    TILDE               shift, and go to state 128
    _DLR_let            shift, and go to state 163
    back_quoted         shift, and go to state 27
    distinct_object     shift, and go to state 92
    dollar_dollar_word  shift, and go to state 93
    dollar_word         shift, and go to state 94
    hash                shift, and go to state 164
    integer             shift, and go to state 78
    less_sign           shift, and go to state 165
    lower_word          shift, and go to state 29
    rational            shift, and go to state 79
    real                shift, and go to state 80
    single_quoted       shift, and go to state 30
    upper_word          shift, and go to state 81

    tff_logic_formula       go to state 343
    tff_binary_formula      go to state 168
    tff_binary_nonassoc     go to state 169
    tff_binary_assoc        go to state 170
    tff_or_formula          go to state 171
    tff_and_formula         go to state 172
    tff_unit_formula        go to state 173
    tff_unitary_formula     go to state 174
    txf_unitary_formula     go to state 175
    tff_quantified_formula  go to state 176
    tff_unary_formula       go to state 177
    tff_prefix_unary        go to state 178
    tff_infix_unary         go to state 179
    tff_atomic_formula      go to state 180
    tff_plain_atomic        go to state 181
    tff_defined_atomic      go to state 182
    tff_defined_plain       go to state 183
    tff_defined_infix       go to state 184
    tff_system_atomic       go to state 185
    txf_let                 go to state 186
    nxf_atom                go to state 187
    tff_term                go to state 344
    tff_unitary_term        go to state 188
    txf_tuple               go to state 345
    tff_arguments           go to state 546
    txf_definition          go to state 192
    txf_sequent             go to state 193
    nxf_long_connective     go to state 194
    ntf_short_connective    go to state 195
    tff_unary_connective    go to state 196
    tff_quantifier          go to state 197
    fof_quantifier          go to state 198
    unary_connective        go to state 199
    constant                go to state 347
    functor                 go to state 204
    defined_constant        go to state 348
    defined_functor         go to state 206
    system_constant         go to state 207
    system_functor          go to state 208
    defined_term            go to state 349
    variable                go to state 210
    atomic_word             go to state 120
    atomic_defined_word     go to state 121
    atomic_system_word      go to state 122
    number                  go to state 123


State 377

  162 tff_defined_plain: defined_functor LPAREN . tff_arguments RPAREN

    EXCLAMATION         shift, and go to state 124
    LBRACE              shift, and go to state 160
    LBRKT               shift, and go to state 161
    LPAREN              shift, and go to state 340
    QUESTION            shift, and go to state 127
    TILDE               shift, and go to state 128
    _DLR_let            shift, and go to state 163
    back_quoted         shift, and go to state 27
    distinct_object     shift, and go to state 92
    dollar_dollar_word  shift, and go to state 93
    dollar_word         shift, and go to state 94
    hash                shift, and go to state 164
    integer             shift, and go to state 78
    less_sign           shift, and go to state 165
    lower_word          shift, and go to state 29
    rational            shift, and go to state 79
    real                shift, and go to state 80
    single_quoted       shift, and go to state 30
    upper_word          shift, and go to state 81

    tff_logic_formula       go to state 343
    tff_binary_formula      go to state 168
    tff_binary_nonassoc     go to state 169
    tff_binary_assoc        go to state 170
    tff_or_formula          go to state 171
    tff_and_formula         go to state 172
    tff_unit_formula        go to state 173
    tff_unitary_formula     go to state 174
    txf_unitary_formula     go to state 175
    tff_quantified_formula  go to state 176
    tff_unary_formula       go to state 177
    tff_prefix_unary        go to state 178
    tff_infix_unary         go to state 179
    tff_atomic_formula      go to state 180
    tff_plain_atomic        go to state 181
    tff_defined_atomic      go to state 182
    tff_defined_plain       go to state 183
    tff_defined_infix       go to state 184
    tff_system_atomic       go to state 185
    txf_let                 go to state 186
    nxf_atom                go to state 187
    tff_term                go to state 344
    tff_unitary_term        go to state 188
    txf_tuple               go to state 345
    tff_arguments           go to state 547
    txf_definition          go to state 192
    txf_sequent             go to state 193
    nxf_long_connective     go to state 194
    ntf_short_connective    go to state 195
    tff_unary_connective    go to state 196
    tff_quantifier          go to state 197
    fof_quantifier          go to state 198
    unary_connective        go to state 199
    constant                go to state 347
    functor                 go to state 204
    defined_constant        go to state 348
    defined_functor         go to state 206
    system_constant         go to state 207
    system_functor          go to state 208
    defined_term            go to state 349
    variable                go to state 210
    atomic_word             go to state 120
    atomic_defined_word     go to state 121
    atomic_system_word      go to state 122
    number                  go to state 123


State 378

  167 tff_system_atomic: system_functor LPAREN . tff_arguments RPAREN

    EXCLAMATION         shift, and go to state 124
    LBRACE              shift, and go to state 160
    LBRKT               shift, and go to state 161
    LPAREN              shift, and go to state 340
    QUESTION            shift, and go to state 127
    TILDE               shift, and go to state 128
    _DLR_let            shift, and go to state 163
    back_quoted         shift, and go to state 27
    distinct_object     shift, and go to state 92
    dollar_dollar_word  shift, and go to state 93
    dollar_word         shift, and go to state 94
    hash                shift, and go to state 164
    integer             shift, and go to state 78
    less_sign           shift, and go to state 165
    lower_word          shift, and go to state 29
    rational            shift, and go to state 79
    real                shift, and go to state 80
    single_quoted       shift, and go to state 30
    upper_word          shift, and go to state 81

    tff_logic_formula       go to state 343
    tff_binary_formula      go to state 168
    tff_binary_nonassoc     go to state 169
    tff_binary_assoc        go to state 170
    tff_or_formula          go to state 171
    tff_and_formula         go to state 172
    tff_unit_formula        go to state 173
    tff_unitary_formula     go to state 174
    txf_unitary_formula     go to state 175
    tff_quantified_formula  go to state 176
    tff_unary_formula       go to state 177
    tff_prefix_unary        go to state 178
    tff_infix_unary         go to state 179
    tff_atomic_formula      go to state 180
    tff_plain_atomic        go to state 181
    tff_defined_atomic      go to state 182
    tff_defined_plain       go to state 183
    tff_defined_infix       go to state 184
    tff_system_atomic       go to state 185
    txf_let                 go to state 186
    nxf_atom                go to state 187
    tff_term                go to state 344
    tff_unitary_term        go to state 188
    txf_tuple               go to state 345
    tff_arguments           go to state 548
    txf_definition          go to state 192
    txf_sequent             go to state 193
    nxf_long_connective     go to state 194
    ntf_short_connective    go to state 195
    tff_unary_connective    go to state 196
    tff_quantifier          go to state 197
    fof_quantifier          go to state 198
    unary_connective        go to state 199
    constant                go to state 347
    functor                 go to state 204
    defined_constant        go to state 348
    defined_functor         go to state 206
    system_constant         go to state 207
    system_functor          go to state 208
    defined_term            go to state 349
    variable                go to state 210
    atomic_word             go to state 120
    atomic_defined_word     go to state 121
    atomic_system_word      go to state 122
    number                  go to state 123


State 379

  223 nhf_long_connective: LBRACE ntf_connective_name . RBRACE
  224                    | LBRACE ntf_connective_name . LPAREN nhf_parameter_list RPAREN RBRACE

    LPAREN  shift, and go to state 549
    RBRACE  shift, and go to state 550


State 380

   52 thf_unitary_formula: LPAREN . thf_logic_formula RPAREN
   69 thf_defined_atomic: LPAREN . thf_conn_term RPAREN
   88 thf_unitary_term: LPAREN . thf_logic_formula RPAREN
  244 ntf_short_connective: LPAREN . PERIOD RPAREN

    AMPERSAND                shift, and go to state 386
    AT_AT_SIGN_MINUS         shift, and go to state 212
    AT_AT_SIGN_PLUS          shift, and go to state 213
    AT_SIGN_EQUALS           shift, and go to state 214
    AT_SIGN_MINUS            shift, and go to state 215
    AT_SIGN_PLUS             shift, and go to state 216
    CARET                    shift, and go to state 217
    EQUALS                   shift, and go to state 294
    EQUALS_GREATER           shift, and go to state 316
    EXCLAMATION              shift, and go to state 124
    EXCLAMATION_EQUALS       shift, and go to state 295
    EXCLAMATION_EXCLAMATION  shift, and go to state 218
    EXCLAMATION_GREATER      shift, and go to state 219
    LBRACE                   shift, and go to state 220
    LBRKT                    shift, and go to state 221
    LESS_EQUALS              shift, and go to state 317
    LESS_EQUALS_GREATER      shift, and go to state 318
    LESS_TILDE_GREATER       shift, and go to state 319
    LPAREN                   shift, and go to state 380
    PERIOD                   shift, and go to state 350
    QUESTION                 shift, and go to state 127
    QUESTION_QUESTION        shift, and go to state 223
    QUESTION_STAR            shift, and go to state 224
    TILDE                    shift, and go to state 128
    TILDE_AMPERSAND          shift, and go to state 320
    TILDE_VLINE              shift, and go to state 321
    VLINE                    shift, and go to state 387
    _DLR_let                 shift, and go to state 225
    back_quoted              shift, and go to state 27
    distinct_object          shift, and go to state 92
    dollar_dollar_word       shift, and go to state 93
    dollar_word              shift, and go to state 94
    hash                     shift, and go to state 164
    integer                  shift, and go to state 78
    less_sign                shift, and go to state 165
    lower_word               shift, and go to state 29
    rational                 shift, and go to state 79
    real                     shift, and go to state 80
    single_quoted            shift, and go to state 30
    upper_word               shift, and go to state 81

    thf_logic_formula       go to state 388
    thf_binary_formula      go to state 228
    thf_binary_nonassoc     go to state 229
    thf_binary_assoc        go to state 230
    thf_or_formula          go to state 231
    thf_and_formula         go to state 232
    thf_apply_formula       go to state 233
    thf_unit_formula        go to state 234
    thf_unitary_formula     go to state 235
    thf_quantified_formula  go to state 236
    thf_quantification      go to state 237
    thf_unary_formula       go to state 238
    thf_prefix_unary        go to state 239
    thf_infix_unary         go to state 240
    thf_atomic_formula      go to state 241
    thf_plain_atomic        go to state 242
    thf_defined_atomic      go to state 243
    thf_defined_term        go to state 244
    thf_defined_infix       go to state 245
    thf_system_atomic       go to state 246
    thf_let                 go to state 247
    thf_unitary_term        go to state 248
    thf_conn_term           go to state 389
    thf_tuple               go to state 249
    thf_unitary_type        go to state 251
    thf_binary_type         go to state 252
    thf_mapping_type        go to state 253
    thf_xprod_type          go to state 254
    thf_union_type          go to state 255
    thf_definition          go to state 257
    thf_sequent             go to state 258
    nhf_long_connective     go to state 259
    ntf_short_connective    go to state 260
    thf_quantifier          go to state 261
    thf_unary_connective    go to state 391
    th0_quantifier          go to state 263
    type_quantifier         go to state 264
    tff_quantifier          go to state 265
    fof_quantifier          go to state 198
    nonassoc_connective     go to state 392
    assoc_connective        go to state 393
    unary_connective        go to state 266
    infix_equality          go to state 395
    infix_inequality        go to state 396
    constant                go to state 384
    functor                 go to state 270
    defined_constant        go to state 385
    defined_functor         go to state 272
    system_constant         go to state 273
    system_functor          go to state 274
    th1_defined_term        go to state 275
    defined_term            go to state 276
    variable                go to state 277
    atomic_word             go to state 120
    atomic_defined_word     go to state 121
    atomic_system_word      go to state 122
    number                  go to state 123


State 381

   94 thf_tuple: LBRKT RBRKT .

    $default  reduce using rule 94 (thf_tuple)


State 382

   96 thf_formula_list: thf_logic_formula .
   97                 | thf_logic_formula . COMMA thf_formula_list

    COMMA  shift, and go to state 551

    $default  reduce using rule 96 (thf_formula_list)


State 383

   95 thf_tuple: LBRKT thf_formula_list . RBRKT

    RBRKT  shift, and go to state 552


State 384

   65 thf_plain_atomic: constant .

    $default  reduce using rule 65 (thf_plain_atomic)


State 385

   67 thf_defined_atomic: defined_constant .

    $default  reduce using rule 67 (thf_defined_atomic)


State 386

  338 assoc_connective: AMPERSAND .

    $default  reduce using rule 338 (assoc_connective)


State 387

  337 assoc_connective: VLINE .

    $default  reduce using rule 337 (assoc_connective)


State 388

   52 thf_unitary_formula: LPAREN thf_logic_formula . RPAREN
   88 thf_unitary_term: LPAREN thf_logic_formula . RPAREN

    RPAREN  shift, and go to state 553


State 389

   69 thf_defined_atomic: LPAREN thf_conn_term . RPAREN

    RPAREN  shift, and go to state 554


State 390

   99 thf_atom_typing: LPAREN thf_atom_typing . RPAREN

    RPAREN  shift, and go to state 555


State 391

   60 thf_prefix_unary: thf_unary_connective . thf_preunit_formula
   93 thf_conn_term: thf_unary_connective .

    AT_AT_SIGN_MINUS         shift, and go to state 212
    AT_AT_SIGN_PLUS          shift, and go to state 213
    AT_SIGN_EQUALS           shift, and go to state 214
    AT_SIGN_MINUS            shift, and go to state 215
    AT_SIGN_PLUS             shift, and go to state 216
    CARET                    shift, and go to state 217
    EXCLAMATION              shift, and go to state 124
    EXCLAMATION_EXCLAMATION  shift, and go to state 218
    EXCLAMATION_GREATER      shift, and go to state 219
    LBRACE                   shift, and go to state 220
    LBRKT                    shift, and go to state 221
    LPAREN                   shift, and go to state 422
    QUESTION                 shift, and go to state 127
    QUESTION_QUESTION        shift, and go to state 223
    QUESTION_STAR            shift, and go to state 224
    TILDE                    shift, and go to state 128
    _DLR_let                 shift, and go to state 225
    back_quoted              shift, and go to state 27
    distinct_object          shift, and go to state 92
    dollar_dollar_word       shift, and go to state 93
    dollar_word              shift, and go to state 94
    hash                     shift, and go to state 164
    integer                  shift, and go to state 78
    less_sign                shift, and go to state 165
    lower_word               shift, and go to state 29
    rational                 shift, and go to state 79
    real                     shift, and go to state 80
    single_quoted            shift, and go to state 30
    upper_word               shift, and go to state 81

    $default  reduce using rule 93 (thf_conn_term)

    thf_preunit_formula     go to state 423
    thf_unitary_formula     go to state 424
    thf_quantified_formula  go to state 236
    thf_quantification      go to state 237
    thf_prefix_unary        go to state 425
    thf_atomic_formula      go to state 426
    thf_plain_atomic        go to state 242
    thf_defined_atomic      go to state 243
    thf_defined_term        go to state 244
    thf_system_atomic       go to state 246
    thf_let                 go to state 247
    thf_tuple               go to state 411
    nhf_long_connective     go to state 259
    ntf_short_connective    go to state 260
    thf_quantifier          go to state 261
    thf_unary_connective    go to state 262
    th0_quantifier          go to state 263
    type_quantifier         go to state 264
    tff_quantifier          go to state 265
    fof_quantifier          go to state 198
    unary_connective        go to state 266
    constant                go to state 384
    functor                 go to state 270
    defined_constant        go to state 385
    defined_functor         go to state 272
    system_constant         go to state 273
    system_functor          go to state 274
    th1_defined_term        go to state 275
    defined_term            go to state 276
    variable                go to state 427
    atomic_word             go to state 120
    atomic_defined_word     go to state 121
    atomic_system_word      go to state 122
    number                  go to state 123


State 392

   89 thf_conn_term: nonassoc_connective .

    $default  reduce using rule 89 (thf_conn_term)


State 393

   90 thf_conn_term: assoc_connective .

    $default  reduce using rule 90 (thf_conn_term)


State 394

   98 thf_atom_typing: typeable_atom . COLON thf_top_level_type

    COLON  shift, and go to state 428


State 395

   91 thf_conn_term: infix_equality .

    $default  reduce using rule 91 (thf_conn_term)


State 396

   92 thf_conn_term: infix_inequality .

    $default  reduce using rule 92 (thf_conn_term)


State 397

   76 thf_let: _DLR_let LPAREN . thf_let_types COMMA thf_let_defns COMMA thf_logic_formula RPAREN

    LBRKT            shift, and go to state 556
    LPAREN           shift, and go to state 557
    back_quoted      shift, and go to state 27
    distinct_object  shift, and go to state 514
    lower_word       shift, and go to state 29
    single_quoted    shift, and go to state 30

    thf_let_types    go to state 558
    thf_atom_typing  go to state 559
    typeable_atom    go to state 394
    constant         go to state 517
    functor          go to state 270
    atomic_word      go to state 120


State 398

   13 thf_annotated: _LIT_thf LPAREN name COMMA formula_role COMMA thf_formula annotations . RPAREN PERIOD

    RPAREN  shift, and go to state 560


State 399

   39 thf_or_formula: thf_or_formula VLINE . thf_unit_formula

    AT_AT_SIGN_MINUS         shift, and go to state 212
    AT_AT_SIGN_PLUS          shift, and go to state 213
    AT_SIGN_EQUALS           shift, and go to state 214
    AT_SIGN_MINUS            shift, and go to state 215
    AT_SIGN_PLUS             shift, and go to state 216
    CARET                    shift, and go to state 217
    EXCLAMATION              shift, and go to state 124
    EXCLAMATION_EXCLAMATION  shift, and go to state 218
    EXCLAMATION_GREATER      shift, and go to state 219
    LBRACE                   shift, and go to state 220
    LBRKT                    shift, and go to state 221
    LPAREN                   shift, and go to state 380
    QUESTION                 shift, and go to state 127
    QUESTION_QUESTION        shift, and go to state 223
    QUESTION_STAR            shift, and go to state 224
    TILDE                    shift, and go to state 128
    _DLR_let                 shift, and go to state 225
    back_quoted              shift, and go to state 27
    distinct_object          shift, and go to state 92
    dollar_dollar_word       shift, and go to state 93
    dollar_word              shift, and go to state 94
    hash                     shift, and go to state 164
    integer                  shift, and go to state 78
    less_sign                shift, and go to state 165
    lower_word               shift, and go to state 29
    rational                 shift, and go to state 79
    real                     shift, and go to state 80
    single_quoted            shift, and go to state 30
    upper_word               shift, and go to state 81

    thf_unit_formula        go to state 561
    thf_unitary_formula     go to state 407
    thf_quantified_formula  go to state 236
    thf_quantification      go to state 237
    thf_unary_formula       go to state 408
    thf_prefix_unary        go to state 239
    thf_infix_unary         go to state 240
    thf_atomic_formula      go to state 409
    thf_plain_atomic        go to state 242
    thf_defined_atomic      go to state 243
    thf_defined_term        go to state 244
    thf_defined_infix       go to state 410
    thf_system_atomic       go to state 246
    thf_let                 go to state 247
    thf_unitary_term        go to state 248
    thf_tuple               go to state 411
    nhf_long_connective     go to state 259
    ntf_short_connective    go to state 260
    thf_quantifier          go to state 261
    thf_unary_connective    go to state 262
    th0_quantifier          go to state 263
    type_quantifier         go to state 264
    tff_quantifier          go to state 265
    fof_quantifier          go to state 198
    unary_connective        go to state 266
    constant                go to state 384
    functor                 go to state 270
    defined_constant        go to state 385
    defined_functor         go to state 272
    system_constant         go to state 273
    system_functor          go to state 274
    th1_defined_term        go to state 275
    defined_term            go to state 276
    variable                go to state 277
    atomic_word             go to state 120
    atomic_defined_word     go to state 121
    atomic_system_word      go to state 122
    number                  go to state 123


State 400

   41 thf_and_formula: thf_and_formula AMPERSAND . thf_unit_formula

    AT_AT_SIGN_MINUS         shift, and go to state 212
    AT_AT_SIGN_PLUS          shift, and go to state 213
    AT_SIGN_EQUALS           shift, and go to state 214
    AT_SIGN_MINUS            shift, and go to state 215
    AT_SIGN_PLUS             shift, and go to state 216
    CARET                    shift, and go to state 217
    EXCLAMATION              shift, and go to state 124
    EXCLAMATION_EXCLAMATION  shift, and go to state 218
    EXCLAMATION_GREATER      shift, and go to state 219
    LBRACE                   shift, and go to state 220
    LBRKT                    shift, and go to state 221
    LPAREN                   shift, and go to state 380
    QUESTION                 shift, and go to state 127
    QUESTION_QUESTION        shift, and go to state 223
    QUESTION_STAR            shift, and go to state 224
    TILDE                    shift, and go to state 128
    _DLR_let                 shift, and go to state 225
    back_quoted              shift, and go to state 27
    distinct_object          shift, and go to state 92
    dollar_dollar_word       shift, and go to state 93
    dollar_word              shift, and go to state 94
    hash                     shift, and go to state 164
    integer                  shift, and go to state 78
    less_sign                shift, and go to state 165
    lower_word               shift, and go to state 29
    rational                 shift, and go to state 79
    real                     shift, and go to state 80
    single_quoted            shift, and go to state 30
    upper_word               shift, and go to state 81

    thf_unit_formula        go to state 562
    thf_unitary_formula     go to state 407
    thf_quantified_formula  go to state 236
    thf_quantification      go to state 237
    thf_unary_formula       go to state 408
    thf_prefix_unary        go to state 239
    thf_infix_unary         go to state 240
    thf_atomic_formula      go to state 409
    thf_plain_atomic        go to state 242
    thf_defined_atomic      go to state 243
    thf_defined_term        go to state 244
    thf_defined_infix       go to state 410
    thf_system_atomic       go to state 246
    thf_let                 go to state 247
    thf_unitary_term        go to state 248
    thf_tuple               go to state 411
    nhf_long_connective     go to state 259
    ntf_short_connective    go to state 260
    thf_quantifier          go to state 261
    thf_unary_connective    go to state 262
    th0_quantifier          go to state 263
    type_quantifier         go to state 264
    tff_quantifier          go to state 265
    fof_quantifier          go to state 198
    unary_connective        go to state 266
    constant                go to state 384
    functor                 go to state 270
    defined_constant        go to state 385
    defined_functor         go to state 272
    system_constant         go to state 273
    system_functor          go to state 274
    th1_defined_term        go to state 275
    defined_term            go to state 276
    variable                go to state 277
    atomic_word             go to state 120
    atomic_defined_word     go to state 121
    atomic_system_word      go to state 122
    number                  go to state 123


State 401

   43 thf_apply_formula: thf_apply_formula AT_SIGN . thf_unit_formula

    AT_AT_SIGN_MINUS         shift, and go to state 212
    AT_AT_SIGN_PLUS          shift, and go to state 213
    AT_SIGN_EQUALS           shift, and go to state 214
    AT_SIGN_MINUS            shift, and go to state 215
    AT_SIGN_PLUS             shift, and go to state 216
    CARET                    shift, and go to state 217
    EXCLAMATION              shift, and go to state 124
    EXCLAMATION_EXCLAMATION  shift, and go to state 218
    EXCLAMATION_GREATER      shift, and go to state 219
    LBRACE                   shift, and go to state 220
    LBRKT                    shift, and go to state 221
    LPAREN                   shift, and go to state 380
    QUESTION                 shift, and go to state 127
    QUESTION_QUESTION        shift, and go to state 223
    QUESTION_STAR            shift, and go to state 224
    TILDE                    shift, and go to state 128
    _DLR_let                 shift, and go to state 225
    back_quoted              shift, and go to state 27
    distinct_object          shift, and go to state 92
    dollar_dollar_word       shift, and go to state 93
    dollar_word              shift, and go to state 94
    hash                     shift, and go to state 164
    integer                  shift, and go to state 78
    less_sign                shift, and go to state 165
    lower_word               shift, and go to state 29
    rational                 shift, and go to state 79
    real                     shift, and go to state 80
    single_quoted            shift, and go to state 30
    upper_word               shift, and go to state 81

    thf_unit_formula        go to state 563
    thf_unitary_formula     go to state 407
    thf_quantified_formula  go to state 236
    thf_quantification      go to state 237
    thf_unary_formula       go to state 408
    thf_prefix_unary        go to state 239
    thf_infix_unary         go to state 240
    thf_atomic_formula      go to state 409
    thf_plain_atomic        go to state 242
    thf_defined_atomic      go to state 243
    thf_defined_term        go to state 244
    thf_defined_infix       go to state 410
    thf_system_atomic       go to state 246
    thf_let                 go to state 247
    thf_unitary_term        go to state 248
    thf_tuple               go to state 411
    nhf_long_connective     go to state 259
    ntf_short_connective    go to state 260
    thf_quantifier          go to state 261
    thf_unary_connective    go to state 262
    th0_quantifier          go to state 263
    type_quantifier         go to state 264
    tff_quantifier          go to state 265
    fof_quantifier          go to state 198
    unary_connective        go to state 266
    constant                go to state 384
    functor                 go to state 270
    defined_constant        go to state 385
    defined_functor         go to state 272
    system_constant         go to state 273
    system_functor          go to state 274
    th1_defined_term        go to state 275
    defined_term            go to state 276
    variable                go to state 277
    atomic_word             go to state 120
    atomic_defined_word     go to state 121
    atomic_system_word      go to state 122
    number                  go to state 123


State 402

   40 thf_and_formula: thf_unit_formula AMPERSAND . thf_unit_formula

    AT_AT_SIGN_MINUS         shift, and go to state 212
    AT_AT_SIGN_PLUS          shift, and go to state 213
    AT_SIGN_EQUALS           shift, and go to state 214
    AT_SIGN_MINUS            shift, and go to state 215
    AT_SIGN_PLUS             shift, and go to state 216
    CARET                    shift, and go to state 217
    EXCLAMATION              shift, and go to state 124
    EXCLAMATION_EXCLAMATION  shift, and go to state 218
    EXCLAMATION_GREATER      shift, and go to state 219
    LBRACE                   shift, and go to state 220
    LBRKT                    shift, and go to state 221
    LPAREN                   shift, and go to state 380
    QUESTION                 shift, and go to state 127
    QUESTION_QUESTION        shift, and go to state 223
    QUESTION_STAR            shift, and go to state 224
    TILDE                    shift, and go to state 128
    _DLR_let                 shift, and go to state 225
    back_quoted              shift, and go to state 27
    distinct_object          shift, and go to state 92
    dollar_dollar_word       shift, and go to state 93
    dollar_word              shift, and go to state 94
    hash                     shift, and go to state 164
    integer                  shift, and go to state 78
    less_sign                shift, and go to state 165
    lower_word               shift, and go to state 29
    rational                 shift, and go to state 79
    real                     shift, and go to state 80
    single_quoted            shift, and go to state 30
    upper_word               shift, and go to state 81

    thf_unit_formula        go to state 564
    thf_unitary_formula     go to state 407
    thf_quantified_formula  go to state 236
    thf_quantification      go to state 237
    thf_unary_formula       go to state 408
    thf_prefix_unary        go to state 239
    thf_infix_unary         go to state 240
    thf_atomic_formula      go to state 409
    thf_plain_atomic        go to state 242
    thf_defined_atomic      go to state 243
    thf_defined_term        go to state 244
    thf_defined_infix       go to state 410
    thf_system_atomic       go to state 246
    thf_let                 go to state 247
    thf_unitary_term        go to state 248
    thf_tuple               go to state 411
    nhf_long_connective     go to state 259
    ntf_short_connective    go to state 260
    thf_quantifier          go to state 261
    thf_unary_connective    go to state 262
    th0_quantifier          go to state 263
    type_quantifier         go to state 264
    tff_quantifier          go to state 265
    fof_quantifier          go to state 198
    unary_connective        go to state 266
    constant                go to state 384
    functor                 go to state 270
    defined_constant        go to state 385
    defined_functor         go to state 272
    system_constant         go to state 273
    system_functor          go to state 274
    th1_defined_term        go to state 275
    defined_term            go to state 276
    variable                go to state 277
    atomic_word             go to state 120
    atomic_defined_word     go to state 121
    atomic_system_word      go to state 122
    number                  go to state 123


State 403

   42 thf_apply_formula: thf_unit_formula AT_SIGN . thf_unit_formula

    AT_AT_SIGN_MINUS         shift, and go to state 212
    AT_AT_SIGN_PLUS          shift, and go to state 213
    AT_SIGN_EQUALS           shift, and go to state 214
    AT_SIGN_MINUS            shift, and go to state 215
    AT_SIGN_PLUS             shift, and go to state 216
    CARET                    shift, and go to state 217
    EXCLAMATION              shift, and go to state 124
    EXCLAMATION_EXCLAMATION  shift, and go to state 218
    EXCLAMATION_GREATER      shift, and go to state 219
    LBRACE                   shift, and go to state 220
    LBRKT                    shift, and go to state 221
    LPAREN                   shift, and go to state 380
    QUESTION                 shift, and go to state 127
    QUESTION_QUESTION        shift, and go to state 223
    QUESTION_STAR            shift, and go to state 224
    TILDE                    shift, and go to state 128
    _DLR_let                 shift, and go to state 225
    back_quoted              shift, and go to state 27
    distinct_object          shift, and go to state 92
    dollar_dollar_word       shift, and go to state 93
    dollar_word              shift, and go to state 94
    hash                     shift, and go to state 164
    integer                  shift, and go to state 78
    less_sign                shift, and go to state 165
    lower_word               shift, and go to state 29
    rational                 shift, and go to state 79
    real                     shift, and go to state 80
    single_quoted            shift, and go to state 30
    upper_word               shift, and go to state 81

    thf_unit_formula        go to state 565
    thf_unitary_formula     go to state 407
    thf_quantified_formula  go to state 236
    thf_quantification      go to state 237
    thf_unary_formula       go to state 408
    thf_prefix_unary        go to state 239
    thf_infix_unary         go to state 240
    thf_atomic_formula      go to state 409
    thf_plain_atomic        go to state 242
    thf_defined_atomic      go to state 243
    thf_defined_term        go to state 244
    thf_defined_infix       go to state 410
    thf_system_atomic       go to state 246
    thf_let                 go to state 247
    thf_unitary_term        go to state 248
    thf_tuple               go to state 411
    nhf_long_connective     go to state 259
    ntf_short_connective    go to state 260
    thf_quantifier          go to state 261
    thf_unary_connective    go to state 262
    th0_quantifier          go to state 263
    type_quantifier         go to state 264
    tff_quantifier          go to state 265
    fof_quantifier          go to state 198
    unary_connective        go to state 266
    constant                go to state 384
    functor                 go to state 270
    defined_constant        go to state 385
    defined_functor         go to state 272
    system_constant         go to state 273
    system_functor          go to state 274
    th1_defined_term        go to state 275
    defined_term            go to state 276
    variable                go to state 277
    atomic_word             go to state 120
    atomic_defined_word     go to state 121
    atomic_system_word      go to state 122
    number                  go to state 123


State 404

   38 thf_or_formula: thf_unit_formula VLINE . thf_unit_formula

    AT_AT_SIGN_MINUS         shift, and go to state 212
    AT_AT_SIGN_PLUS          shift, and go to state 213
    AT_SIGN_EQUALS           shift, and go to state 214
    AT_SIGN_MINUS            shift, and go to state 215
    AT_SIGN_PLUS             shift, and go to state 216
    CARET                    shift, and go to state 217
    EXCLAMATION              shift, and go to state 124
    EXCLAMATION_EXCLAMATION  shift, and go to state 218
    EXCLAMATION_GREATER      shift, and go to state 219
    LBRACE                   shift, and go to state 220
    LBRKT                    shift, and go to state 221
    LPAREN                   shift, and go to state 380
    QUESTION                 shift, and go to state 127
    QUESTION_QUESTION        shift, and go to state 223
    QUESTION_STAR            shift, and go to state 224
    TILDE                    shift, and go to state 128
    _DLR_let                 shift, and go to state 225
    back_quoted              shift, and go to state 27
    distinct_object          shift, and go to state 92
    dollar_dollar_word       shift, and go to state 93
    dollar_word              shift, and go to state 94
    hash                     shift, and go to state 164
    integer                  shift, and go to state 78
    less_sign                shift, and go to state 165
    lower_word               shift, and go to state 29
    rational                 shift, and go to state 79
    real                     shift, and go to state 80
    single_quoted            shift, and go to state 30
    upper_word               shift, and go to state 81

    thf_unit_formula        go to state 566
    thf_unitary_formula     go to state 407
    thf_quantified_formula  go to state 236
    thf_quantification      go to state 237
    thf_unary_formula       go to state 408
    thf_prefix_unary        go to state 239
    thf_infix_unary         go to state 240
    thf_atomic_formula      go to state 409
    thf_plain_atomic        go to state 242
    thf_defined_atomic      go to state 243
    thf_defined_term        go to state 244
    thf_defined_infix       go to state 410
    thf_system_atomic       go to state 246
    thf_let                 go to state 247
    thf_unitary_term        go to state 248
    thf_tuple               go to state 411
    nhf_long_connective     go to state 259
    ntf_short_connective    go to state 260
    thf_quantifier          go to state 261
    thf_unary_connective    go to state 262
    th0_quantifier          go to state 263
    type_quantifier         go to state 264
    tff_quantifier          go to state 265
    fof_quantifier          go to state 198
    unary_connective        go to state 266
    constant                go to state 384
    functor                 go to state 270
    defined_constant        go to state 385
    defined_functor         go to state 272
    system_constant         go to state 273
    system_functor          go to state 274
    th1_defined_term        go to state 275
    defined_term            go to state 276
    variable                go to state 277
    atomic_word             go to state 120
    atomic_defined_word     go to state 121
    atomic_system_word      go to state 122
    number                  go to state 123


State 405

   34 thf_binary_nonassoc: thf_unit_formula nonassoc_connective . thf_unit_formula

    AT_AT_SIGN_MINUS         shift, and go to state 212
    AT_AT_SIGN_PLUS          shift, and go to state 213
    AT_SIGN_EQUALS           shift, and go to state 214
    AT_SIGN_MINUS            shift, and go to state 215
    AT_SIGN_PLUS             shift, and go to state 216
    CARET                    shift, and go to state 217
    EXCLAMATION              shift, and go to state 124
    EXCLAMATION_EXCLAMATION  shift, and go to state 218
    EXCLAMATION_GREATER      shift, and go to state 219
    LBRACE                   shift, and go to state 220
    LBRKT                    shift, and go to state 221
    LPAREN                   shift, and go to state 380
    QUESTION                 shift, and go to state 127
    QUESTION_QUESTION        shift, and go to state 223
    QUESTION_STAR            shift, and go to state 224
    TILDE                    shift, and go to state 128
    _DLR_let                 shift, and go to state 225
    back_quoted              shift, and go to state 27
    distinct_object          shift, and go to state 92
    dollar_dollar_word       shift, and go to state 93
    dollar_word              shift, and go to state 94
    hash                     shift, and go to state 164
    integer                  shift, and go to state 78
    less_sign                shift, and go to state 165
    lower_word               shift, and go to state 29
    rational                 shift, and go to state 79
    real                     shift, and go to state 80
    single_quoted            shift, and go to state 30
    upper_word               shift, and go to state 81

    thf_unit_formula        go to state 567
    thf_unitary_formula     go to state 407
    thf_quantified_formula  go to state 236
    thf_quantification      go to state 237
    thf_unary_formula       go to state 408
    thf_prefix_unary        go to state 239
    thf_infix_unary         go to state 240
    thf_atomic_formula      go to state 409
    thf_plain_atomic        go to state 242
    thf_defined_atomic      go to state 243
    thf_defined_term        go to state 244
    thf_defined_infix       go to state 410
    thf_system_atomic       go to state 246
    thf_let                 go to state 247
    thf_unitary_term        go to state 248
    thf_tuple               go to state 411
    nhf_long_connective     go to state 259
    ntf_short_connective    go to state 260
    thf_quantifier          go to state 261
    thf_unary_connective    go to state 262
    th0_quantifier          go to state 263
    type_quantifier         go to state 264
    tff_quantifier          go to state 265
    fof_quantifier          go to state 198
    unary_connective        go to state 266
    constant                go to state 384
    functor                 go to state 270
    defined_constant        go to state 385
    defined_functor         go to state 272
    system_constant         go to state 273
    system_functor          go to state 274
    th1_defined_term        go to state 275
    defined_term            go to state 276
    variable                go to state 277
    atomic_word             go to state 120
    atomic_defined_word     go to state 121
    atomic_system_word      go to state 122
    number                  go to state 123


State 406

   53 thf_quantified_formula: thf_quantification thf_unit_formula .

    $default  reduce using rule 53 (thf_quantified_formula)


State 407

   44 thf_unit_formula: thf_unitary_formula .

    $default  reduce using rule 44 (thf_unit_formula)


State 408

   45 thf_unit_formula: thf_unary_formula .

    $default  reduce using rule 45 (thf_unit_formula)


State 409

   50 thf_unitary_formula: thf_atomic_formula .
   86 thf_unitary_term: thf_atomic_formula .

    EQUALS              reduce using rule 86 (thf_unitary_term)
    EXCLAMATION_EQUALS  reduce using rule 86 (thf_unitary_term)
    $default            reduce using rule 50 (thf_unitary_formula)


State 410

   46 thf_unit_formula: thf_defined_infix .

    $default  reduce using rule 46 (thf_unit_formula)


State 411

   66 thf_plain_atomic: thf_tuple .

    $default  reduce using rule 66 (thf_plain_atomic)


State 412

  115 thf_definition: thf_atomic_formula identical . thf_logic_formula

    AT_AT_SIGN_MINUS         shift, and go to state 212
    AT_AT_SIGN_PLUS          shift, and go to state 213
    AT_SIGN_EQUALS           shift, and go to state 214
    AT_SIGN_MINUS            shift, and go to state 215
    AT_SIGN_PLUS             shift, and go to state 216
    CARET                    shift, and go to state 217
    EXCLAMATION              shift, and go to state 124
    EXCLAMATION_EXCLAMATION  shift, and go to state 218
    EXCLAMATION_GREATER      shift, and go to state 219
    LBRACE                   shift, and go to state 220
    LBRKT                    shift, and go to state 221
    LPAREN                   shift, and go to state 380
    QUESTION                 shift, and go to state 127
    QUESTION_QUESTION        shift, and go to state 223
    QUESTION_STAR            shift, and go to state 224
    TILDE                    shift, and go to state 128
    _DLR_let                 shift, and go to state 225
    back_quoted              shift, and go to state 27
    distinct_object          shift, and go to state 92
    dollar_dollar_word       shift, and go to state 93
    dollar_word              shift, and go to state 94
    hash                     shift, and go to state 164
    integer                  shift, and go to state 78
    less_sign                shift, and go to state 165
    lower_word               shift, and go to state 29
    rational                 shift, and go to state 79
    real                     shift, and go to state 80
    single_quoted            shift, and go to state 30
    upper_word               shift, and go to state 81

    thf_logic_formula       go to state 568
    thf_binary_formula      go to state 228
    thf_binary_nonassoc     go to state 229
    thf_binary_assoc        go to state 230
    thf_or_formula          go to state 231
    thf_and_formula         go to state 232
    thf_apply_formula       go to state 233
    thf_unit_formula        go to state 234
    thf_unitary_formula     go to state 235
    thf_quantified_formula  go to state 236
    thf_quantification      go to state 237
    thf_unary_formula       go to state 238
    thf_prefix_unary        go to state 239
    thf_infix_unary         go to state 240
    thf_atomic_formula      go to state 241
    thf_plain_atomic        go to state 242
    thf_defined_atomic      go to state 243
    thf_defined_term        go to state 244
    thf_defined_infix       go to state 245
    thf_system_atomic       go to state 246
    thf_let                 go to state 247
    thf_unitary_term        go to state 248
    thf_tuple               go to state 249
    thf_unitary_type        go to state 251
    thf_binary_type         go to state 252
    thf_mapping_type        go to state 253
    thf_xprod_type          go to state 254
    thf_union_type          go to state 255
    thf_definition          go to state 257
    thf_sequent             go to state 258
    nhf_long_connective     go to state 259
    ntf_short_connective    go to state 260
    thf_quantifier          go to state 261
    thf_unary_connective    go to state 262
    th0_quantifier          go to state 263
    type_quantifier         go to state 264
    tff_quantifier          go to state 265
    fof_quantifier          go to state 198
    unary_connective        go to state 266
    constant                go to state 384
    functor                 go to state 270
    defined_constant        go to state 385
    defined_functor         go to state 272
    system_constant         go to state 273
    system_functor          go to state 274
    th1_defined_term        go to state 275
    defined_term            go to state 276
    variable                go to state 277
    atomic_word             go to state 120
    atomic_defined_word     go to state 121
    atomic_system_word      go to state 122
    number                  go to state 123


State 413

   74 thf_defined_infix: thf_unitary_term defined_infix_pred . thf_unitary_term

    AT_AT_SIGN_MINUS         shift, and go to state 212
    AT_AT_SIGN_PLUS          shift, and go to state 213
    AT_SIGN_EQUALS           shift, and go to state 214
    EXCLAMATION_EXCLAMATION  shift, and go to state 218
    LBRACE                   shift, and go to state 569
    LBRKT                    shift, and go to state 570
    LPAREN                   shift, and go to state 571
    QUESTION_QUESTION        shift, and go to state 223
    _DLR_let                 shift, and go to state 225
    back_quoted              shift, and go to state 27
    distinct_object          shift, and go to state 92
    dollar_dollar_word       shift, and go to state 93
    dollar_word              shift, and go to state 94
    integer                  shift, and go to state 78
    lower_word               shift, and go to state 29
    rational                 shift, and go to state 79
    real                     shift, and go to state 80
    single_quoted            shift, and go to state 30
    upper_word               shift, and go to state 81

    thf_atomic_formula   go to state 572
    thf_plain_atomic     go to state 242
    thf_defined_atomic   go to state 243
    thf_defined_term     go to state 244
    thf_system_atomic    go to state 246
    thf_let              go to state 247
    thf_unitary_term     go to state 573
    thf_tuple            go to state 411
    nhf_long_connective  go to state 259
    constant             go to state 384
    functor              go to state 270
    defined_constant     go to state 385
    defined_functor      go to state 272
    system_constant      go to state 273
    system_functor       go to state 274
    th1_defined_term     go to state 275
    defined_term         go to state 276
    variable             go to state 574
    atomic_word          go to state 120
    atomic_defined_word  go to state 121
    atomic_system_word   go to state 122
    number               go to state 123


State 414

   61 thf_infix_unary: thf_unitary_term infix_inequality . thf_unitary_term

    AT_AT_SIGN_MINUS         shift, and go to state 212
    AT_AT_SIGN_PLUS          shift, and go to state 213
    AT_SIGN_EQUALS           shift, and go to state 214
    EXCLAMATION_EXCLAMATION  shift, and go to state 218
    LBRACE                   shift, and go to state 569
    LBRKT                    shift, and go to state 570
    LPAREN                   shift, and go to state 571
    QUESTION_QUESTION        shift, and go to state 223
    _DLR_let                 shift, and go to state 225
    back_quoted              shift, and go to state 27
    distinct_object          shift, and go to state 92
    dollar_dollar_word       shift, and go to state 93
    dollar_word              shift, and go to state 94
    integer                  shift, and go to state 78
    lower_word               shift, and go to state 29
    rational                 shift, and go to state 79
    real                     shift, and go to state 80
    single_quoted            shift, and go to state 30
    upper_word               shift, and go to state 81

    thf_atomic_formula   go to state 572
    thf_plain_atomic     go to state 242
    thf_defined_atomic   go to state 243
    thf_defined_term     go to state 244
    thf_system_atomic    go to state 246
    thf_let              go to state 247
    thf_unitary_term     go to state 575
    thf_tuple            go to state 411
    nhf_long_connective  go to state 259
    constant             go to state 384
    functor              go to state 270
    defined_constant     go to state 385
    defined_functor      go to state 272
    system_constant      go to state 273
    system_functor       go to state 274
    th1_defined_term     go to state 275
    defined_term         go to state 276
    variable             go to state 574
    atomic_word          go to state 120
    atomic_defined_word  go to state 121
    atomic_system_word   go to state 122
    number               go to state 123


State 415

  116 thf_sequent: thf_tuple gentzen_arrow . thf_tuple

    LBRKT  shift, and go to state 570

    thf_tuple  go to state 576


State 416

  110 thf_xprod_type: thf_unitary_type STAR . thf_unitary_type

    AT_AT_SIGN_MINUS         shift, and go to state 212
    AT_AT_SIGN_PLUS          shift, and go to state 213
    AT_SIGN_EQUALS           shift, and go to state 214
    AT_SIGN_MINUS            shift, and go to state 215
    AT_SIGN_PLUS             shift, and go to state 216
    CARET                    shift, and go to state 217
    EXCLAMATION              shift, and go to state 124
    EXCLAMATION_EXCLAMATION  shift, and go to state 218
    EXCLAMATION_GREATER      shift, and go to state 219
    LBRACE                   shift, and go to state 569
    LBRKT                    shift, and go to state 570
    LPAREN                   shift, and go to state 577
    QUESTION                 shift, and go to state 127
    QUESTION_QUESTION        shift, and go to state 223
    QUESTION_STAR            shift, and go to state 224
    _DLR_let                 shift, and go to state 225
    back_quoted              shift, and go to state 27
    distinct_object          shift, and go to state 92
    dollar_dollar_word       shift, and go to state 93
    dollar_word              shift, and go to state 94
    hash                     shift, and go to state 164
    integer                  shift, and go to state 78
    lower_word               shift, and go to state 29
    rational                 shift, and go to state 79
    real                     shift, and go to state 80
    single_quoted            shift, and go to state 30
    upper_word               shift, and go to state 81

    thf_unitary_formula     go to state 578
    thf_quantified_formula  go to state 236
    thf_quantification      go to state 237
    thf_atomic_formula      go to state 426
    thf_plain_atomic        go to state 242
    thf_defined_atomic      go to state 243
    thf_defined_term        go to state 244
    thf_system_atomic       go to state 246
    thf_let                 go to state 247
    thf_tuple               go to state 411
    thf_unitary_type        go to state 579
    nhf_long_connective     go to state 259
    thf_quantifier          go to state 261
    th0_quantifier          go to state 263
    type_quantifier         go to state 264
    tff_quantifier          go to state 265
    fof_quantifier          go to state 198
    constant                go to state 384
    functor                 go to state 270
    defined_constant        go to state 385
    defined_functor         go to state 272
    system_constant         go to state 273
    system_functor          go to state 274
    th1_defined_term        go to state 275
    defined_term            go to state 276
    variable                go to state 427
    atomic_word             go to state 120
    atomic_defined_word     go to state 121
    atomic_system_word      go to state 122
    number                  go to state 123


State 417

  108 thf_mapping_type: thf_unitary_type arrow . thf_unitary_type
  109                 | thf_unitary_type arrow . thf_mapping_type

    AT_AT_SIGN_MINUS         shift, and go to state 212
    AT_AT_SIGN_PLUS          shift, and go to state 213
    AT_SIGN_EQUALS           shift, and go to state 214
    AT_SIGN_MINUS            shift, and go to state 215
    AT_SIGN_PLUS             shift, and go to state 216
    CARET                    shift, and go to state 217
    EXCLAMATION              shift, and go to state 124
    EXCLAMATION_EXCLAMATION  shift, and go to state 218
    EXCLAMATION_GREATER      shift, and go to state 219
    LBRACE                   shift, and go to state 569
    LBRKT                    shift, and go to state 570
    LPAREN                   shift, and go to state 577
    QUESTION                 shift, and go to state 127
    QUESTION_QUESTION        shift, and go to state 223
    QUESTION_STAR            shift, and go to state 224
    _DLR_let                 shift, and go to state 225
    back_quoted              shift, and go to state 27
    distinct_object          shift, and go to state 92
    dollar_dollar_word       shift, and go to state 93
    dollar_word              shift, and go to state 94
    hash                     shift, and go to state 164
    integer                  shift, and go to state 78
    lower_word               shift, and go to state 29
    rational                 shift, and go to state 79
    real                     shift, and go to state 80
    single_quoted            shift, and go to state 30
    upper_word               shift, and go to state 81

    thf_unitary_formula     go to state 578
    thf_quantified_formula  go to state 236
    thf_quantification      go to state 237
    thf_atomic_formula      go to state 426
    thf_plain_atomic        go to state 242
    thf_defined_atomic      go to state 243
    thf_defined_term        go to state 244
    thf_system_atomic       go to state 246
    thf_let                 go to state 247
    thf_tuple               go to state 411
    thf_unitary_type        go to state 580
    thf_mapping_type        go to state 581
    nhf_long_connective     go to state 259
    thf_quantifier          go to state 261
    th0_quantifier          go to state 263
    type_quantifier         go to state 264
    tff_quantifier          go to state 265
    fof_quantifier          go to state 198
    constant                go to state 384
    functor                 go to state 270
    defined_constant        go to state 385
    defined_functor         go to state 272
    system_constant         go to state 273
    system_functor          go to state 274
    th1_defined_term        go to state 275
    defined_term            go to state 276
    variable                go to state 427
    atomic_word             go to state 120
    atomic_defined_word     go to state 121
    atomic_system_word      go to state 122
    number                  go to state 123


State 418

  112 thf_union_type: thf_unitary_type plus . thf_unitary_type

    AT_AT_SIGN_MINUS         shift, and go to state 212
    AT_AT_SIGN_PLUS          shift, and go to state 213
    AT_SIGN_EQUALS           shift, and go to state 214
    AT_SIGN_MINUS            shift, and go to state 215
    AT_SIGN_PLUS             shift, and go to state 216
    CARET                    shift, and go to state 217
    EXCLAMATION              shift, and go to state 124
    EXCLAMATION_EXCLAMATION  shift, and go to state 218
    EXCLAMATION_GREATER      shift, and go to state 219
    LBRACE                   shift, and go to state 569
    LBRKT                    shift, and go to state 570
    LPAREN                   shift, and go to state 577
    QUESTION                 shift, and go to state 127
    QUESTION_QUESTION        shift, and go to state 223
    QUESTION_STAR            shift, and go to state 224
    _DLR_let                 shift, and go to state 225
    back_quoted              shift, and go to state 27
    distinct_object          shift, and go to state 92
    dollar_dollar_word       shift, and go to state 93
    dollar_word              shift, and go to state 94
    hash                     shift, and go to state 164
    integer                  shift, and go to state 78
    lower_word               shift, and go to state 29
    rational                 shift, and go to state 79
    real                     shift, and go to state 80
    single_quoted            shift, and go to state 30
    upper_word               shift, and go to state 81

    thf_unitary_formula     go to state 578
    thf_quantified_formula  go to state 236
    thf_quantification      go to state 237
    thf_atomic_formula      go to state 426
    thf_plain_atomic        go to state 242
    thf_defined_atomic      go to state 243
    thf_defined_term        go to state 244
    thf_system_atomic       go to state 246
    thf_let                 go to state 247
    thf_tuple               go to state 411
    thf_unitary_type        go to state 582
    nhf_long_connective     go to state 259
    thf_quantifier          go to state 261
    th0_quantifier          go to state 263
    type_quantifier         go to state 264
    tff_quantifier          go to state 265
    fof_quantifier          go to state 198
    constant                go to state 384
    functor                 go to state 270
    defined_constant        go to state 385
    defined_functor         go to state 272
    system_constant         go to state 273
    system_functor          go to state 274
    th1_defined_term        go to state 275
    defined_term            go to state 276
    variable                go to state 427
    atomic_word             go to state 120
    atomic_defined_word     go to state 121
    atomic_system_word      go to state 122
    number                  go to state 123


State 419

  111 thf_xprod_type: thf_xprod_type STAR . thf_unitary_type

    AT_AT_SIGN_MINUS         shift, and go to state 212
    AT_AT_SIGN_PLUS          shift, and go to state 213
    AT_SIGN_EQUALS           shift, and go to state 214
    AT_SIGN_MINUS            shift, and go to state 215
    AT_SIGN_PLUS             shift, and go to state 216
    CARET                    shift, and go to state 217
    EXCLAMATION              shift, and go to state 124
    EXCLAMATION_EXCLAMATION  shift, and go to state 218
    EXCLAMATION_GREATER      shift, and go to state 219
    LBRACE                   shift, and go to state 569
    LBRKT                    shift, and go to state 570
    LPAREN                   shift, and go to state 577
    QUESTION                 shift, and go to state 127
    QUESTION_QUESTION        shift, and go to state 223
    QUESTION_STAR            shift, and go to state 224
    _DLR_let                 shift, and go to state 225
    back_quoted              shift, and go to state 27
    distinct_object          shift, and go to state 92
    dollar_dollar_word       shift, and go to state 93
    dollar_word              shift, and go to state 94
    hash                     shift, and go to state 164
    integer                  shift, and go to state 78
    lower_word               shift, and go to state 29
    rational                 shift, and go to state 79
    real                     shift, and go to state 80
    single_quoted            shift, and go to state 30
    upper_word               shift, and go to state 81

    thf_unitary_formula     go to state 578
    thf_quantified_formula  go to state 236
    thf_quantification      go to state 237
    thf_atomic_formula      go to state 426
    thf_plain_atomic        go to state 242
    thf_defined_atomic      go to state 243
    thf_defined_term        go to state 244
    thf_system_atomic       go to state 246
    thf_let                 go to state 247
    thf_tuple               go to state 411
    thf_unitary_type        go to state 583
    nhf_long_connective     go to state 259
    thf_quantifier          go to state 261
    th0_quantifier          go to state 263
    type_quantifier         go to state 264
    tff_quantifier          go to state 265
    fof_quantifier          go to state 198
    constant                go to state 384
    functor                 go to state 270
    defined_constant        go to state 385
    defined_functor         go to state 272
    system_constant         go to state 273
    system_functor          go to state 274
    th1_defined_term        go to state 275
    defined_term            go to state 276
    variable                go to state 427
    atomic_word             go to state 120
    atomic_defined_word     go to state 121
    atomic_system_word      go to state 122
    number                  go to state 123


State 420

  113 thf_union_type: thf_union_type plus . thf_unitary_type

    AT_AT_SIGN_MINUS         shift, and go to state 212
    AT_AT_SIGN_PLUS          shift, and go to state 213
    AT_SIGN_EQUALS           shift, and go to state 214
    AT_SIGN_MINUS            shift, and go to state 215
    AT_SIGN_PLUS             shift, and go to state 216
    CARET                    shift, and go to state 217
    EXCLAMATION              shift, and go to state 124
    EXCLAMATION_EXCLAMATION  shift, and go to state 218
    EXCLAMATION_GREATER      shift, and go to state 219
    LBRACE                   shift, and go to state 569
    LBRKT                    shift, and go to state 570
    LPAREN                   shift, and go to state 577
    QUESTION                 shift, and go to state 127
    QUESTION_QUESTION        shift, and go to state 223
    QUESTION_STAR            shift, and go to state 224
    _DLR_let                 shift, and go to state 225
    back_quoted              shift, and go to state 27
    distinct_object          shift, and go to state 92
    dollar_dollar_word       shift, and go to state 93
    dollar_word              shift, and go to state 94
    hash                     shift, and go to state 164
    integer                  shift, and go to state 78
    lower_word               shift, and go to state 29
    rational                 shift, and go to state 79
    real                     shift, and go to state 80
    single_quoted            shift, and go to state 30
    upper_word               shift, and go to state 81

    thf_unitary_formula     go to state 578
    thf_quantified_formula  go to state 236
    thf_quantification      go to state 237
    thf_atomic_formula      go to state 426
    thf_plain_atomic        go to state 242
    thf_defined_atomic      go to state 243
    thf_defined_term        go to state 244
    thf_system_atomic       go to state 246
    thf_let                 go to state 247
    thf_tuple               go to state 411
    thf_unitary_type        go to state 584
    nhf_long_connective     go to state 259
    thf_quantifier          go to state 261
    th0_quantifier          go to state 263
    type_quantifier         go to state 264
    tff_quantifier          go to state 265
    fof_quantifier          go to state 198
    constant                go to state 384
    functor                 go to state 270
    defined_constant        go to state 385
    defined_functor         go to state 272
    system_constant         go to state 273
    system_functor          go to state 274
    th1_defined_term        go to state 275
    defined_term            go to state 276
    variable                go to state 427
    atomic_word             go to state 120
    atomic_defined_word     go to state 121
    atomic_system_word      go to state 122
    number                  go to state 123


State 421

   54 thf_quantification: thf_quantifier LBRKT . thf_variable_list RBRKT COLON

    upper_word  shift, and go to state 81

    thf_variable_list   go to state 585
    thf_typed_variable  go to state 586
    variable            go to state 587


State 422

   52 thf_unitary_formula: LPAREN . thf_logic_formula RPAREN
   69 thf_defined_atomic: LPAREN . thf_conn_term RPAREN
  244 ntf_short_connective: LPAREN . PERIOD RPAREN

    AMPERSAND                shift, and go to state 386
    AT_AT_SIGN_MINUS         shift, and go to state 212
    AT_AT_SIGN_PLUS          shift, and go to state 213
    AT_SIGN_EQUALS           shift, and go to state 214
    AT_SIGN_MINUS            shift, and go to state 215
    AT_SIGN_PLUS             shift, and go to state 216
    CARET                    shift, and go to state 217
    EQUALS                   shift, and go to state 294
    EQUALS_GREATER           shift, and go to state 316
    EXCLAMATION              shift, and go to state 124
    EXCLAMATION_EQUALS       shift, and go to state 295
    EXCLAMATION_EXCLAMATION  shift, and go to state 218
    EXCLAMATION_GREATER      shift, and go to state 219
    LBRACE                   shift, and go to state 220
    LBRKT                    shift, and go to state 221
    LESS_EQUALS              shift, and go to state 317
    LESS_EQUALS_GREATER      shift, and go to state 318
    LESS_TILDE_GREATER       shift, and go to state 319
    LPAREN                   shift, and go to state 380
    PERIOD                   shift, and go to state 350
    QUESTION                 shift, and go to state 127
    QUESTION_QUESTION        shift, and go to state 223
    QUESTION_STAR            shift, and go to state 224
    TILDE                    shift, and go to state 128
    TILDE_AMPERSAND          shift, and go to state 320
    TILDE_VLINE              shift, and go to state 321
    VLINE                    shift, and go to state 387
    _DLR_let                 shift, and go to state 225
    back_quoted              shift, and go to state 27
    distinct_object          shift, and go to state 92
    dollar_dollar_word       shift, and go to state 93
    dollar_word              shift, and go to state 94
    hash                     shift, and go to state 164
    integer                  shift, and go to state 78
    less_sign                shift, and go to state 165
    lower_word               shift, and go to state 29
    rational                 shift, and go to state 79
    real                     shift, and go to state 80
    single_quoted            shift, and go to state 30
    upper_word               shift, and go to state 81

    thf_logic_formula       go to state 588
    thf_binary_formula      go to state 228
    thf_binary_nonassoc     go to state 229
    thf_binary_assoc        go to state 230
    thf_or_formula          go to state 231
    thf_and_formula         go to state 232
    thf_apply_formula       go to state 233
    thf_unit_formula        go to state 234
    thf_unitary_formula     go to state 235
    thf_quantified_formula  go to state 236
    thf_quantification      go to state 237
    thf_unary_formula       go to state 238
    thf_prefix_unary        go to state 239
    thf_infix_unary         go to state 240
    thf_atomic_formula      go to state 241
    thf_plain_atomic        go to state 242
    thf_defined_atomic      go to state 243
    thf_defined_term        go to state 244
    thf_defined_infix       go to state 245
    thf_system_atomic       go to state 246
    thf_let                 go to state 247
    thf_unitary_term        go to state 248
    thf_conn_term           go to state 389
    thf_tuple               go to state 249
    thf_unitary_type        go to state 251
    thf_binary_type         go to state 252
    thf_mapping_type        go to state 253
    thf_xprod_type          go to state 254
    thf_union_type          go to state 255
    thf_definition          go to state 257
    thf_sequent             go to state 258
    nhf_long_connective     go to state 259
    ntf_short_connective    go to state 260
    thf_quantifier          go to state 261
    thf_unary_connective    go to state 391
    th0_quantifier          go to state 263
    type_quantifier         go to state 264
    tff_quantifier          go to state 265
    fof_quantifier          go to state 198
    nonassoc_connective     go to state 392
    assoc_connective        go to state 393
    unary_connective        go to state 266
    infix_equality          go to state 395
    infix_inequality        go to state 396
    constant                go to state 384
    functor                 go to state 270
    defined_constant        go to state 385
    defined_functor         go to state 272
    system_constant         go to state 273
    system_functor          go to state 274
    th1_defined_term        go to state 275
    defined_term            go to state 276
    variable                go to state 277
    atomic_word             go to state 120
    atomic_defined_word     go to state 121
    atomic_system_word      go to state 122
    number                  go to state 123


State 423

   60 thf_prefix_unary: thf_unary_connective thf_preunit_formula .

    $default  reduce using rule 60 (thf_prefix_unary)


State 424

   47 thf_preunit_formula: thf_unitary_formula .

    $default  reduce using rule 47 (thf_preunit_formula)


State 425

   48 thf_preunit_formula: thf_prefix_unary .

    $default  reduce using rule 48 (thf_preunit_formula)


State 426

   50 thf_unitary_formula: thf_atomic_formula .

    $default  reduce using rule 50 (thf_unitary_formula)


State 427

   51 thf_unitary_formula: variable .

    $default  reduce using rule 51 (thf_unitary_formula)


State 428

   98 thf_atom_typing: typeable_atom COLON . thf_top_level_type

    AT_AT_SIGN_MINUS         shift, and go to state 212
    AT_AT_SIGN_PLUS          shift, and go to state 213
    AT_SIGN_EQUALS           shift, and go to state 214
    AT_SIGN_MINUS            shift, and go to state 215
    AT_SIGN_PLUS             shift, and go to state 216
    CARET                    shift, and go to state 217
    EXCLAMATION              shift, and go to state 124
    EXCLAMATION_EXCLAMATION  shift, and go to state 218
    EXCLAMATION_GREATER      shift, and go to state 219
    LBRACE                   shift, and go to state 220
    LBRKT                    shift, and go to state 221
    LPAREN                   shift, and go to state 380
    QUESTION                 shift, and go to state 127
    QUESTION_QUESTION        shift, and go to state 223
    QUESTION_STAR            shift, and go to state 224
    TILDE                    shift, and go to state 128
    _DLR_let                 shift, and go to state 225
    back_quoted              shift, and go to state 27
    distinct_object          shift, and go to state 92
    dollar_dollar_word       shift, and go to state 93
    dollar_word              shift, and go to state 94
    hash                     shift, and go to state 164
    integer                  shift, and go to state 78
    less_sign                shift, and go to state 165
    lower_word               shift, and go to state 29
    rational                 shift, and go to state 79
    real                     shift, and go to state 80
    single_quoted            shift, and go to state 30
    upper_word               shift, and go to state 81

    thf_apply_formula       go to state 589
    thf_unit_formula        go to state 590
    thf_unitary_formula     go to state 591
    thf_quantified_formula  go to state 236
    thf_quantification      go to state 237
    thf_unary_formula       go to state 408
    thf_prefix_unary        go to state 239
    thf_infix_unary         go to state 240
    thf_atomic_formula      go to state 409
    thf_plain_atomic        go to state 242
    thf_defined_atomic      go to state 243
    thf_defined_term        go to state 244
    thf_defined_infix       go to state 410
    thf_system_atomic       go to state 246
    thf_let                 go to state 247
    thf_unitary_term        go to state 248
    thf_tuple               go to state 411
    thf_top_level_type      go to state 592
    thf_unitary_type        go to state 593
    thf_apply_type          go to state 594
    thf_mapping_type        go to state 595
    nhf_long_connective     go to state 259
    ntf_short_connective    go to state 260
    thf_quantifier          go to state 261
    thf_unary_connective    go to state 262
    th0_quantifier          go to state 263
    type_quantifier         go to state 264
    tff_quantifier          go to state 265
    fof_quantifier          go to state 198
    unary_connective        go to state 266
    constant                go to state 384
    functor                 go to state 270
    defined_constant        go to state 385
    defined_functor         go to state 272
    system_constant         go to state 273
    system_functor          go to state 274
    th1_defined_term        go to state 275
    defined_term            go to state 276
    variable                go to state 277
    atomic_word             go to state 120
    atomic_defined_word     go to state 121
    atomic_system_word      go to state 122
    number                  go to state 123


State 429

  114 thf_subtype: atomic_type subtype_sign . atomic_type

    back_quoted         shift, and go to state 27
    distinct_object     shift, and go to state 514
    dollar_dollar_word  shift, and go to state 93
    dollar_word         shift, and go to state 94
    lower_word          shift, and go to state 29
    single_quoted       shift, and go to state 30

    typeable_atom        go to state 542
    atomic_type          go to state 596
    system_type          go to state 202
    constant             go to state 517
    functor              go to state 270
    defined_constant     go to state 544
    defined_functor      go to state 272
    atomic_word          go to state 120
    atomic_defined_word  go to state 121
    atomic_system_word   go to state 545


State 430

   11 tpi_annotated: _LIT_tpi LPAREN name COMMA formula_role COMMA tpi_formula annotations . RPAREN PERIOD

    RPAREN  shift, and go to state 597


State 431

  429 general_terms: general_term COMMA . general_terms

    LBRKT            shift, and go to state 71
    _DLR_cnf         shift, and go to state 72
    _DLR_fof         shift, and go to state 73
    _DLR_fot         shift, and go to state 74
    _DLR_tff         shift, and go to state 75
    _DLR_thf         shift, and go to state 76
    back_quoted      shift, and go to state 27
    distinct_object  shift, and go to state 77
    integer          shift, and go to state 78
    lower_word       shift, and go to state 29
    rational         shift, and go to state 79
    real             shift, and go to state 80
    single_quoted    shift, and go to state 30
    upper_word       shift, and go to state 81

    variable          go to state 82
    general_term      go to state 281
    general_data      go to state 84
    general_function  go to state 85
    formula_data      go to state 86
    general_list      go to state 87
    general_terms     go to state 598
    atomic_word       go to state 88
    number            go to state 89


State 432

  427 general_list: LBRKT general_terms RBRKT .

    $default  reduce using rule 427 (general_list)


State 433

  424 formula_data: _DLR_cnf LPAREN cnf_formula . RPAREN

    RPAREN  shift, and go to state 599


State 434

  423 formula_data: _DLR_fof LPAREN fof_formula . RPAREN

    RPAREN  shift, and go to state 600


State 435

  297 fof_function_term: fof_plain_term .

    $default  reduce using rule 297 (fof_function_term)


State 436

  288 fof_defined_atomic_term: fof_defined_plain_term .

    $default  reduce using rule 288 (fof_defined_atomic_term)


State 437

  299 fof_function_term: fof_system_term .

    $default  reduce using rule 299 (fof_function_term)


State 438

  425 formula_data: _DLR_fot LPAREN fof_term . RPAREN

    RPAREN  shift, and go to state 601


State 439

  422 formula_data: _DLR_tff LPAREN tff_formula . RPAREN

    RPAREN  shift, and go to state 602


State 440

  421 formula_data: _DLR_thf LPAREN thf_formula . RPAREN

    RPAREN  shift, and go to state 603


State 441

  412 general_term: general_data COLON general_term .

    $default  reduce using rule 412 (general_term)


State 442

  420 general_function: atomic_word LPAREN general_terms . RPAREN

    RPAREN  shift, and go to state 604


State 443

  307 cnf_formula: LPAREN cnf_formula RPAREN .

    $default  reduce using rule 307 (cnf_formula)


State 444

  312 cnf_literal: TILDE LPAREN fof_atomic_formula . RPAREN

    RPAREN  shift, and go to state 605


State 445

  282 fof_defined_infix_formula: fof_term defined_infix_pred fof_term .

    $default  reduce using rule 282 (fof_defined_infix_formula)


State 446

  266 fof_infix_unary: fof_term infix_inequality fof_term .

    $default  reduce using rule 266 (fof_infix_unary)


State 447

  373 source: LBRKT . sources RBRKT

    LBRKT            shift, and go to state 447
    _LIT_creator     shift, and go to state 448
    _LIT_file        shift, and go to state 449
    _LIT_inference   shift, and go to state 450
    _LIT_introduced  shift, and go to state 451
    _LIT_theory      shift, and go to state 452
    _LIT_unknown     shift, and go to state 453
    back_quoted      shift, and go to state 27
    integer          shift, and go to state 28
    lower_word       shift, and go to state 29
    single_quoted    shift, and go to state 30

    source            go to state 606
    sources           go to state 607
    dag_source        go to state 455
    inference_record  go to state 456
    internal_source   go to state 457
    external_source   go to state 458
    file_source       go to state 459
    theory            go to state 460
    creator_source    go to state 461
    name              go to state 462
    atomic_word       go to state 32


State 448

  390 creator_source: _LIT_creator . LPAREN creator_name COMMA useful_info COMMA parents RPAREN

    LPAREN  shift, and go to state 608


State 449

  385 file_source: _LIT_file . LPAREN file_name file_info RPAREN

    LPAREN  shift, and go to state 609


State 450

  378 inference_record: _LIT_inference . LPAREN inference_rule COMMA useful_info COMMA parents RPAREN

    LPAREN  shift, and go to state 610


State 451

  380 internal_source: _LIT_introduced . LPAREN intro_type COMMA useful_info COMMA parents RPAREN

    LPAREN  shift, and go to state 611


State 452

  388 theory: _LIT_theory . LPAREN theory_name optional_info RPAREN

    LPAREN  shift, and go to state 612


State 453

  372 source: _LIT_unknown .

    $default  reduce using rule 372 (source)


State 454

   18 annotations: COMMA source . optional_info

    COMMA  shift, and go to state 613

    $default  reduce using rule 441 (nothing)

    optional_info  go to state 614
    nothing        go to state 615


State 455

  369 source: dag_source .

    $default  reduce using rule 369 (source)


State 456

  377 dag_source: inference_record .

    $default  reduce using rule 377 (dag_source)


State 457

  370 source: internal_source .

    $default  reduce using rule 370 (source)


State 458

  371 source: external_source .

    $default  reduce using rule 371 (source)


State 459

  382 external_source: file_source .

    $default  reduce using rule 382 (external_source)


State 460

  383 external_source: theory .

    $default  reduce using rule 383 (external_source)


State 461

  384 external_source: creator_source .

    $default  reduce using rule 384 (external_source)


State 462

  376 dag_source: name .

    $default  reduce using rule 376 (dag_source)


State 463

   17 cnf_annotated: _LIT_cnf LPAREN name COMMA formula_role COMMA cnf_formula annotations RPAREN . PERIOD

    PERIOD  shift, and go to state 616


State 464

  309 cnf_disjunction: cnf_disjunction VLINE cnf_literal .

    $default  reduce using rule 309 (cnf_disjunction)


State 465

  285 fof_plain_term: functor LPAREN fof_arguments . RPAREN

    RPAREN  shift, and go to state 617


State 466

  293 fof_arguments: fof_term .
  294              | fof_term . COMMA fof_arguments

    COMMA  shift, and go to state 618

    $default  reduce using rule 293 (fof_arguments)


State 467

  290 fof_defined_plain_term: defined_functor LPAREN fof_arguments . RPAREN

    RPAREN  shift, and go to state 619


State 468

  292 fof_system_term: system_functor LPAREN fof_arguments . RPAREN

    RPAREN  shift, and go to state 620


State 469

  305 fof_formula_tuple_list: fof_logic_formula COMMA . fof_formula_tuple_list

    EXCLAMATION         shift, and go to state 124
    LPAREN              shift, and go to state 306
    QUESTION            shift, and go to state 127
    TILDE               shift, and go to state 128
    back_quoted         shift, and go to state 27
    distinct_object     shift, and go to state 92
    dollar_dollar_word  shift, and go to state 93
    dollar_word         shift, and go to state 94
    integer             shift, and go to state 78
    lower_word          shift, and go to state 29
    rational            shift, and go to state 79
    real                shift, and go to state 80
    single_quoted       shift, and go to state 30
    upper_word          shift, and go to state 81

    fof_logic_formula           go to state 308
    fof_binary_formula          go to state 131
    fof_binary_nonassoc         go to state 132
    fof_binary_assoc            go to state 133
    fof_or_formula              go to state 134
    fof_and_formula             go to state 135
    fof_unary_formula           go to state 136
    fof_infix_unary             go to state 137
    fof_unit_formula            go to state 138
    fof_unitary_formula         go to state 139
    fof_quantified_formula      go to state 140
    fof_atomic_formula          go to state 141
    fof_plain_atomic_formula    go to state 97
    fof_defined_atomic_formula  go to state 98
    fof_defined_plain_formula   go to state 99
    fof_defined_infix_formula   go to state 100
    fof_system_atomic_formula   go to state 101
    fof_plain_term              go to state 102
    fof_defined_term            go to state 103
    fof_defined_atomic_term     go to state 104
    fof_defined_plain_term      go to state 105
    fof_system_term             go to state 106
    fof_term                    go to state 107
    fof_function_term           go to state 108
    fof_formula_tuple_list      go to state 621
    fof_quantifier              go to state 144
    unary_connective            go to state 145
    constant                    go to state 112
    functor                     go to state 113
    defined_constant            go to state 114
    defined_functor             go to state 115
    system_constant             go to state 116
    system_functor              go to state 117
    defined_term                go to state 118
    variable                    go to state 119
    atomic_word                 go to state 120
    atomic_defined_word         go to state 121
    atomic_system_word          go to state 122
    number                      go to state 123


State 470

  303 fof_formula_tuple: LBRKT fof_formula_tuple_list RBRKT .

    $default  reduce using rule 303 (fof_formula_tuple)


State 471

  271 fof_unitary_formula: LPAREN fof_logic_formula RPAREN .

    $default  reduce using rule 271 (fof_unitary_formula)


State 472

  301 fof_sequent: LPAREN fof_sequent RPAREN .

    $default  reduce using rule 301 (fof_sequent)


State 473

   16 fof_annotated: _LIT_fof LPAREN name COMMA formula_role COMMA fof_formula annotations RPAREN . PERIOD

    PERIOD  shift, and go to state 622


State 474

  261 fof_or_formula: fof_or_formula VLINE fof_unit_formula .

    $default  reduce using rule 261 (fof_or_formula)


State 475

  263 fof_and_formula: fof_and_formula AMPERSAND fof_unit_formula .

    $default  reduce using rule 263 (fof_and_formula)


State 476

  262 fof_and_formula: fof_unit_formula AMPERSAND fof_unit_formula .

    $default  reduce using rule 262 (fof_and_formula)


State 477

  260 fof_or_formula: fof_unit_formula VLINE fof_unit_formula .

    $default  reduce using rule 260 (fof_or_formula)


State 478

  257 fof_binary_nonassoc: fof_unit_formula nonassoc_connective fof_unit_formula .

    $default  reduce using rule 257 (fof_binary_nonassoc)


State 479

  300 fof_sequent: fof_formula_tuple gentzen_arrow fof_formula_tuple .

    $default  reduce using rule 300 (fof_sequent)


State 480

  272 fof_quantified_formula: fof_quantifier LBRKT fof_variable_list . RBRKT COLON fof_unit_formula

    RBRKT  shift, and go to state 623


State 481

  273 fof_variable_list: variable .
  274                  | variable . COMMA fof_variable_list

    COMMA  shift, and go to state 624

    $default  reduce using rule 273 (fof_variable_list)


State 482

  249 tcf_quantified_formula: EXCLAMATION LBRKT tff_variable_list . RBRKT COLON tcf_logic_formula

    RBRKT  shift, and go to state 625


State 483

  146 tff_variable_list: tff_variable .
  147                  | tff_variable . COMMA tff_variable_list

    COMMA  shift, and go to state 626

    $default  reduce using rule 146 (tff_variable_list)


State 484

  148 tff_variable: tff_typed_variable .

    $default  reduce using rule 148 (tff_variable)


State 485

  149 tff_variable: variable .
  150 tff_typed_variable: variable . COLON tff_atomic_type

    COLON  shift, and go to state 627

    $default  reduce using rule 149 (tff_variable)


State 486

  194 tff_atom_typing: LPAREN tff_atom_typing RPAREN .

    $default  reduce using rule 194 (tff_atom_typing)


State 487

   15 tcf_annotated: _LIT_tcf LPAREN name COMMA formula_role COMMA tcf_formula annotations RPAREN . PERIOD

    PERIOD  shift, and go to state 628


State 488

  217 txf_tuple_type: LBRKT . tff_type_list RBRKT

    EXCLAMATION_GREATER  shift, and go to state 219
    LBRKT                shift, and go to state 488
    LPAREN               shift, and go to state 489
    QUESTION_STAR        shift, and go to state 224
    back_quoted          shift, and go to state 27
    dollar_word          shift, and go to state 94
    lower_word           shift, and go to state 29
    single_quoted        shift, and go to state 30
    upper_word           shift, and go to state 81

    tff_top_level_type   go to state 629
    tff_non_atomic_type  go to state 491
    tf1_quantified_type  go to state 492
    tff_unitary_type     go to state 493
    tff_atomic_type      go to state 494
    tff_mapping_type     go to state 495
    txf_tuple_type       go to state 496
    tff_type_list        go to state 630
    type_quantifier      go to state 497
    type_constant        go to state 498
    type_functor         go to state 499
    defined_type         go to state 500
    variable             go to state 501
    atomic_word          go to state 502
    atomic_defined_word  go to state 503


State 489

  199 tff_non_atomic_type: LPAREN . tff_non_atomic_type RPAREN
  205 tff_unitary_type: LPAREN . tff_xprod_type RPAREN
  210 tff_atomic_type: LPAREN . tff_atomic_type RPAREN

    EXCLAMATION_GREATER  shift, and go to state 219
    LBRKT                shift, and go to state 488
    LPAREN               shift, and go to state 489
    QUESTION_STAR        shift, and go to state 224
    back_quoted          shift, and go to state 27
    dollar_word          shift, and go to state 94
    lower_word           shift, and go to state 29
    single_quoted        shift, and go to state 30
    upper_word           shift, and go to state 81

    tff_non_atomic_type  go to state 631
    tf1_quantified_type  go to state 492
    tff_unitary_type     go to state 632
    tff_atomic_type      go to state 633
    tff_mapping_type     go to state 495
    tff_xprod_type       go to state 634
    txf_tuple_type       go to state 496
    type_quantifier      go to state 497
    type_constant        go to state 498
    type_functor         go to state 499
    defined_type         go to state 500
    variable             go to state 501
    atomic_word          go to state 502
    atomic_defined_word  go to state 503


State 490

  193 tff_atom_typing: typeable_atom COLON tff_top_level_type .

    $default  reduce using rule 193 (tff_atom_typing)


State 491

  196 tff_top_level_type: tff_non_atomic_type .

    $default  reduce using rule 196 (tff_top_level_type)


State 492

  198 tff_non_atomic_type: tf1_quantified_type .

    $default  reduce using rule 198 (tff_non_atomic_type)


State 493

  214 tff_mapping_type: tff_unitary_type . arrow tff_atomic_type

    arrow  shift, and go to state 635


State 494

  195 tff_top_level_type: tff_atomic_type .
  204 tff_unitary_type: tff_atomic_type .

    arrow     reduce using rule 204 (tff_unitary_type)
    $default  reduce using rule 195 (tff_top_level_type)


State 495

  197 tff_non_atomic_type: tff_mapping_type .

    $default  reduce using rule 197 (tff_non_atomic_type)


State 496

  211 tff_atomic_type: txf_tuple_type .

    $default  reduce using rule 211 (tff_atomic_type)


State 497

  200 tf1_quantified_type: type_quantifier . LBRKT tff_variable_list RBRKT COLON tff_monotype

    LBRKT  shift, and go to state 636


State 498

  206 tff_atomic_type: type_constant .

    $default  reduce using rule 206 (tff_atomic_type)


State 499

  209 tff_atomic_type: type_functor . LPAREN tff_type_arguments RPAREN
  348 type_constant: type_functor .

    LPAREN  shift, and go to state 637

    $default  reduce using rule 348 (type_constant)


State 500

  207 tff_atomic_type: defined_type .

    $default  reduce using rule 207 (tff_atomic_type)


State 501

  208 tff_atomic_type: variable .

    $default  reduce using rule 208 (tff_atomic_type)


State 502

  349 type_functor: atomic_word .

    $default  reduce using rule 349 (type_functor)


State 503

  350 defined_type: atomic_defined_word .

    $default  reduce using rule 350 (defined_type)


State 504

  243 ntf_short_connective: LBRACE PERIOD RBRACE .

    $default  reduce using rule 243 (ntf_short_connective)


State 505

  231 nxf_long_connective: LBRACE ntf_connective_name LPAREN . nxf_parameter_list RPAREN RBRACE

    LBRACE              shift, and go to state 531
    _DLR_let            shift, and go to state 163
    back_quoted         shift, and go to state 27
    dollar_dollar_word  shift, and go to state 93
    dollar_word         shift, and go to state 94
    hash                shift, and go to state 638
    lower_word          shift, and go to state 29
    single_quoted       shift, and go to state 30

    tff_atomic_formula   go to state 639
    tff_plain_atomic     go to state 181
    tff_defined_atomic   go to state 182
    tff_defined_plain    go to state 183
    tff_system_atomic    go to state 185
    txf_let              go to state 186
    nxf_atom             go to state 187
    txf_definition       go to state 640
    nxf_long_connective  go to state 194
    nxf_parameter_list   go to state 641
    nxf_parameter        go to state 642
    nxf_key_pair         go to state 643
    ntf_index            go to state 644
    constant             go to state 347
    functor              go to state 204
    defined_constant     go to state 348
    defined_functor      go to state 206
    system_constant      go to state 207
    system_functor       go to state 208
    atomic_word          go to state 120
    atomic_defined_word  go to state 121
    atomic_system_word   go to state 122


State 506

  230 nxf_long_connective: LBRACE ntf_connective_name RBRACE .

    $default  reduce using rule 230 (nxf_long_connective)


State 507

  241 ntf_short_connective: LBRKT PERIOD RBRKT .

    $default  reduce using rule 241 (ntf_short_connective)


State 508

  192 tff_arguments: tff_term COMMA . tff_arguments

    EXCLAMATION         shift, and go to state 124
    LBRACE              shift, and go to state 160
    LBRKT               shift, and go to state 161
    LPAREN              shift, and go to state 340
    QUESTION            shift, and go to state 127
    TILDE               shift, and go to state 128
    _DLR_let            shift, and go to state 163
    back_quoted         shift, and go to state 27
    distinct_object     shift, and go to state 92
    dollar_dollar_word  shift, and go to state 93
    dollar_word         shift, and go to state 94
    hash                shift, and go to state 164
    integer             shift, and go to state 78
    less_sign           shift, and go to state 165
    lower_word          shift, and go to state 29
    rational            shift, and go to state 79
    real                shift, and go to state 80
    single_quoted       shift, and go to state 30
    upper_word          shift, and go to state 81

    tff_logic_formula       go to state 343
    tff_binary_formula      go to state 168
    tff_binary_nonassoc     go to state 169
    tff_binary_assoc        go to state 170
    tff_or_formula          go to state 171
    tff_and_formula         go to state 172
    tff_unit_formula        go to state 173
    tff_unitary_formula     go to state 174
    txf_unitary_formula     go to state 175
    tff_quantified_formula  go to state 176
    tff_unary_formula       go to state 177
    tff_prefix_unary        go to state 178
    tff_infix_unary         go to state 179
    tff_atomic_formula      go to state 180
    tff_plain_atomic        go to state 181
    tff_defined_atomic      go to state 182
    tff_defined_plain       go to state 183
    tff_defined_infix       go to state 184
    tff_system_atomic       go to state 185
    txf_let                 go to state 186
    nxf_atom                go to state 187
    tff_term                go to state 344
    tff_unitary_term        go to state 188
    txf_tuple               go to state 345
    tff_arguments           go to state 645
    txf_definition          go to state 192
    txf_sequent             go to state 193
    nxf_long_connective     go to state 194
    ntf_short_connective    go to state 195
    tff_unary_connective    go to state 196
    tff_quantifier          go to state 197
    fof_quantifier          go to state 198
    unary_connective        go to state 199
    constant                go to state 347
    functor                 go to state 204
    defined_constant        go to state 348
    defined_functor         go to state 206
    system_constant         go to state 207
    system_functor          go to state 208
    defined_term            go to state 349
    variable                go to state 210
    atomic_word             go to state 120
    atomic_defined_word     go to state 121
    atomic_system_word      go to state 122
    number                  go to state 123


State 509

  190 txf_tuple: LBRKT tff_arguments RBRKT .

    $default  reduce using rule 190 (txf_tuple)


State 510

  244 ntf_short_connective: LPAREN PERIOD RPAREN .

    $default  reduce using rule 244 (ntf_short_connective)


State 511

  143 tff_unitary_formula: LPAREN tff_logic_formula RPAREN .
  188 tff_unitary_term: LPAREN tff_logic_formula RPAREN .

    EQUALS              reduce using rule 188 (tff_unitary_term)
    EXCLAMATION_EQUALS  reduce using rule 188 (tff_unitary_term)
    $default            reduce using rule 143 (tff_unitary_formula)


State 512

  170 txf_let_types: LBRKT . tff_atom_typing_list RBRKT

    LPAREN           shift, and go to state 513
    back_quoted      shift, and go to state 27
    distinct_object  shift, and go to state 514
    lower_word       shift, and go to state 29
    single_quoted    shift, and go to state 30

    tff_atom_typing_list  go to state 646
    tff_atom_typing       go to state 647
    typeable_atom         go to state 158
    constant              go to state 517
    functor               go to state 270
    atomic_word           go to state 120


State 513

  194 tff_atom_typing: LPAREN . tff_atom_typing RPAREN

    LPAREN           shift, and go to state 513
    back_quoted      shift, and go to state 27
    distinct_object  shift, and go to state 514
    lower_word       shift, and go to state 29
    single_quoted    shift, and go to state 30

    tff_atom_typing  go to state 332
    typeable_atom    go to state 158
    constant         go to state 517
    functor          go to state 270
    atomic_word      go to state 120


State 514

  344 typeable_atom: distinct_object .

    $default  reduce using rule 344 (typeable_atom)


State 515

  168 txf_let: _DLR_let LPAREN txf_let_types . COMMA txf_let_defns COMMA tff_term RPAREN

    COMMA  shift, and go to state 648


State 516

  169 txf_let_types: tff_atom_typing .

    $default  reduce using rule 169 (txf_let_types)


State 517

  343 typeable_atom: constant .

    $default  reduce using rule 343 (typeable_atom)


State 518

  242 ntf_short_connective: less_sign PERIOD arrow .

    $default  reduce using rule 242 (ntf_short_connective)


State 519

   14 tff_annotated: _LIT_tff LPAREN name COMMA formula_role COMMA tff_formula annotations RPAREN . PERIOD

    PERIOD  shift, and go to state 649


State 520

  132 tff_or_formula: tff_or_formula VLINE tff_unit_formula .

    $default  reduce using rule 132 (tff_or_formula)


State 521

  135 tff_unit_formula: tff_unitary_formula .

    $default  reduce using rule 135 (tff_unit_formula)


State 522

  136 tff_unit_formula: tff_unary_formula .

    $default  reduce using rule 136 (tff_unit_formula)


State 523

  141 tff_unitary_formula: tff_atomic_formula .
  184 tff_unitary_term: tff_atomic_formula .

    EQUALS              reduce using rule 184 (tff_unitary_term)
    EXCLAMATION_EQUALS  reduce using rule 184 (tff_unitary_term)
    $default            reduce using rule 141 (tff_unitary_formula)


State 524

  137 tff_unit_formula: tff_defined_infix .

    $default  reduce using rule 137 (tff_unit_formula)


State 525

  186 tff_unitary_term: txf_tuple .

    $default  reduce using rule 186 (tff_unitary_term)


State 526

  134 tff_and_formula: tff_and_formula AMPERSAND tff_unit_formula .

    $default  reduce using rule 134 (tff_and_formula)


State 527

  133 tff_and_formula: tff_unit_formula AMPERSAND tff_unit_formula .

    $default  reduce using rule 133 (tff_and_formula)


State 528

  131 tff_or_formula: tff_unit_formula VLINE tff_unit_formula .

    $default  reduce using rule 131 (tff_or_formula)


State 529

  128 tff_binary_nonassoc: tff_unit_formula nonassoc_connective tff_unit_formula .

    $default  reduce using rule 128 (tff_binary_nonassoc)


State 530

  221 txf_definition: tff_atomic_formula identical tff_term .

    $default  reduce using rule 221 (txf_definition)


State 531

  230 nxf_long_connective: LBRACE . ntf_connective_name RBRACE
  231                    | LBRACE . ntf_connective_name LPAREN nxf_parameter_list RPAREN RBRACE

    dollar_dollar_word  shift, and go to state 93
    dollar_word         shift, and go to state 94

    ntf_connective_name     go to state 336
    ntf_defined_connective  go to state 337
    atomic_defined_word     go to state 338
    atomic_system_word      go to state 339


State 532

  189 txf_tuple: LBRKT . RBRKT
  190          | LBRKT . tff_arguments RBRKT

    EXCLAMATION         shift, and go to state 124
    LBRACE              shift, and go to state 160
    LBRKT               shift, and go to state 161
    LPAREN              shift, and go to state 340
    QUESTION            shift, and go to state 127
    RBRKT               shift, and go to state 342
    TILDE               shift, and go to state 128
    _DLR_let            shift, and go to state 163
    back_quoted         shift, and go to state 27
    distinct_object     shift, and go to state 92
    dollar_dollar_word  shift, and go to state 93
    dollar_word         shift, and go to state 94
    hash                shift, and go to state 164
    integer             shift, and go to state 78
    less_sign           shift, and go to state 165
    lower_word          shift, and go to state 29
    rational            shift, and go to state 79
    real                shift, and go to state 80
    single_quoted       shift, and go to state 30
    upper_word          shift, and go to state 81

    tff_logic_formula       go to state 343
    tff_binary_formula      go to state 168
    tff_binary_nonassoc     go to state 169
    tff_binary_assoc        go to state 170
    tff_or_formula          go to state 171
    tff_and_formula         go to state 172
    tff_unit_formula        go to state 173
    tff_unitary_formula     go to state 174
    txf_unitary_formula     go to state 175
    tff_quantified_formula  go to state 176
    tff_unary_formula       go to state 177
    tff_prefix_unary        go to state 178
    tff_infix_unary         go to state 179
    tff_atomic_formula      go to state 180
    tff_plain_atomic        go to state 181
    tff_defined_atomic      go to state 182
    tff_defined_plain       go to state 183
    tff_defined_infix       go to state 184
    tff_system_atomic       go to state 185
    txf_let                 go to state 186
    nxf_atom                go to state 187
    tff_term                go to state 344
    tff_unitary_term        go to state 188
    txf_tuple               go to state 345
    tff_arguments           go to state 346
    txf_definition          go to state 192
    txf_sequent             go to state 193
    nxf_long_connective     go to state 194
    ntf_short_connective    go to state 195
    tff_unary_connective    go to state 196
    tff_quantifier          go to state 197
    fof_quantifier          go to state 198
    unary_connective        go to state 199
    constant                go to state 347
    functor                 go to state 204
    defined_constant        go to state 348
    defined_functor         go to state 206
    system_constant         go to state 207
    system_functor          go to state 208
    defined_term            go to state 349
    variable                go to state 210
    atomic_word             go to state 120
    atomic_defined_word     go to state 121
    atomic_system_word      go to state 122
    number                  go to state 123


State 533

  188 tff_unitary_term: LPAREN . tff_logic_formula RPAREN

    EXCLAMATION         shift, and go to state 124
    LBRACE              shift, and go to state 160
    LBRKT               shift, and go to state 161
    LPAREN              shift, and go to state 340
    QUESTION            shift, and go to state 127
    TILDE               shift, and go to state 128
    _DLR_let            shift, and go to state 163
    back_quoted         shift, and go to state 27
    distinct_object     shift, and go to state 92
    dollar_dollar_word  shift, and go to state 93
    dollar_word         shift, and go to state 94
    hash                shift, and go to state 164
    integer             shift, and go to state 78
    less_sign           shift, and go to state 165
    lower_word          shift, and go to state 29
    rational            shift, and go to state 79
    real                shift, and go to state 80
    single_quoted       shift, and go to state 30
    upper_word          shift, and go to state 81

    tff_logic_formula       go to state 650
    tff_binary_formula      go to state 168
    tff_binary_nonassoc     go to state 169
    tff_binary_assoc        go to state 170
    tff_or_formula          go to state 171
    tff_and_formula         go to state 172
    tff_unit_formula        go to state 173
    tff_unitary_formula     go to state 174
    txf_unitary_formula     go to state 175
    tff_quantified_formula  go to state 176
    tff_unary_formula       go to state 177
    tff_prefix_unary        go to state 178
    tff_infix_unary         go to state 179
    tff_atomic_formula      go to state 180
    tff_plain_atomic        go to state 181
    tff_defined_atomic      go to state 182
    tff_defined_plain       go to state 183
    tff_defined_infix       go to state 184
    tff_system_atomic       go to state 185
    txf_let                 go to state 186
    nxf_atom                go to state 187
    tff_unitary_term        go to state 188
    txf_tuple               go to state 189
    txf_definition          go to state 192
    txf_sequent             go to state 193
    nxf_long_connective     go to state 194
    ntf_short_connective    go to state 195
    tff_unary_connective    go to state 196
    tff_quantifier          go to state 197
    fof_quantifier          go to state 198
    unary_connective        go to state 199
    constant                go to state 347
    functor                 go to state 204
    defined_constant        go to state 348
    defined_functor         go to state 206
    system_constant         go to state 207
    system_functor          go to state 208
    defined_term            go to state 209
    variable                go to state 210
    atomic_word             go to state 120
    atomic_defined_word     go to state 121
    atomic_system_word      go to state 122
    number                  go to state 123


State 534

  184 tff_unitary_term: tff_atomic_formula .

    $default  reduce using rule 184 (tff_unitary_term)


State 535

  165 tff_defined_infix: tff_unitary_term defined_infix_pred tff_unitary_term .

    $default  reduce using rule 165 (tff_defined_infix)


State 536

  187 tff_unitary_term: variable .

    $default  reduce using rule 187 (tff_unitary_term)


State 537

  154 tff_infix_unary: tff_unitary_term infix_inequality tff_unitary_term .

    $default  reduce using rule 154 (tff_infix_unary)


State 538

  222 txf_sequent: txf_tuple gentzen_arrow txf_tuple .

    $default  reduce using rule 222 (txf_sequent)


State 539

  180 nxf_atom: nxf_long_connective AT_SIGN LPAREN . tff_arguments RPAREN

    EXCLAMATION         shift, and go to state 124
    LBRACE              shift, and go to state 160
    LBRKT               shift, and go to state 161
    LPAREN              shift, and go to state 340
    QUESTION            shift, and go to state 127
    TILDE               shift, and go to state 128
    _DLR_let            shift, and go to state 163
    back_quoted         shift, and go to state 27
    distinct_object     shift, and go to state 92
    dollar_dollar_word  shift, and go to state 93
    dollar_word         shift, and go to state 94
    hash                shift, and go to state 164
    integer             shift, and go to state 78
    less_sign           shift, and go to state 165
    lower_word          shift, and go to state 29
    rational            shift, and go to state 79
    real                shift, and go to state 80
    single_quoted       shift, and go to state 30
    upper_word          shift, and go to state 81

    tff_logic_formula       go to state 343
    tff_binary_formula      go to state 168
    tff_binary_nonassoc     go to state 169
    tff_binary_assoc        go to state 170
    tff_or_formula          go to state 171
    tff_and_formula         go to state 172
    tff_unit_formula        go to state 173
    tff_unitary_formula     go to state 174
    txf_unitary_formula     go to state 175
    tff_quantified_formula  go to state 176
    tff_unary_formula       go to state 177
    tff_prefix_unary        go to state 178
    tff_infix_unary         go to state 179
    tff_atomic_formula      go to state 180
    tff_plain_atomic        go to state 181
    tff_defined_atomic      go to state 182
    tff_defined_plain       go to state 183
    tff_defined_infix       go to state 184
    tff_system_atomic       go to state 185
    txf_let                 go to state 186
    nxf_atom                go to state 187
    tff_term                go to state 344
    tff_unitary_term        go to state 188
    txf_tuple               go to state 345
    tff_arguments           go to state 651
    txf_definition          go to state 192
    txf_sequent             go to state 193
    nxf_long_connective     go to state 194
    ntf_short_connective    go to state 195
    tff_unary_connective    go to state 196
    tff_quantifier          go to state 197
    fof_quantifier          go to state 198
    unary_connective        go to state 199
    constant                go to state 347
    functor                 go to state 204
    defined_constant        go to state 348
    defined_functor         go to state 206
    system_constant         go to state 207
    system_functor          go to state 208
    defined_term            go to state 349
    variable                go to state 210
    atomic_word             go to state 120
    atomic_defined_word     go to state 121
    atomic_system_word      go to state 122
    number                  go to state 123


State 540

  143 tff_unitary_formula: LPAREN tff_logic_formula . RPAREN

    RPAREN  shift, and go to state 652


State 541

  145 tff_quantified_formula: tff_quantifier LBRKT tff_variable_list . RBRKT COLON tff_unit_formula

    RBRKT  shift, and go to state 653


State 542

  345 atomic_type: typeable_atom .

    $default  reduce using rule 345 (atomic_type)


State 543

  220 tff_subtype: atomic_type subtype_sign atomic_type .

    $default  reduce using rule 220 (tff_subtype)


State 544

  346 atomic_type: defined_constant .

    $default  reduce using rule 346 (atomic_type)


State 545

  351 system_type: atomic_system_word .

    $default  reduce using rule 351 (system_type)


State 546

  159 tff_plain_atomic: functor LPAREN tff_arguments . RPAREN

    RPAREN  shift, and go to state 654


State 547

  162 tff_defined_plain: defined_functor LPAREN tff_arguments . RPAREN

    RPAREN  shift, and go to state 655


State 548

  167 tff_system_atomic: system_functor LPAREN tff_arguments . RPAREN

    RPAREN  shift, and go to state 656


State 549

  224 nhf_long_connective: LBRACE ntf_connective_name LPAREN . nhf_parameter_list RPAREN RBRACE

    AT_AT_SIGN_MINUS         shift, and go to state 212
    AT_AT_SIGN_PLUS          shift, and go to state 213
    AT_SIGN_EQUALS           shift, and go to state 214
    EXCLAMATION_EXCLAMATION  shift, and go to state 218
    LBRACE                   shift, and go to state 569
    LBRKT                    shift, and go to state 570
    LPAREN                   shift, and go to state 657
    QUESTION_QUESTION        shift, and go to state 223
    _DLR_let                 shift, and go to state 225
    back_quoted              shift, and go to state 27
    distinct_object          shift, and go to state 92
    dollar_dollar_word       shift, and go to state 93
    dollar_word              shift, and go to state 94
    hash                     shift, and go to state 638
    integer                  shift, and go to state 78
    lower_word               shift, and go to state 29
    rational                 shift, and go to state 79
    real                     shift, and go to state 80
    single_quoted            shift, and go to state 30

    thf_atomic_formula   go to state 658
    thf_plain_atomic     go to state 242
    thf_defined_atomic   go to state 243
    thf_defined_term     go to state 244
    thf_system_atomic    go to state 246
    thf_let              go to state 247
    thf_tuple            go to state 411
    thf_definition       go to state 659
    nhf_long_connective  go to state 259
    nhf_parameter_list   go to state 660
    nhf_parameter        go to state 661
    nhf_key_pair         go to state 662
    ntf_index            go to state 663
    constant             go to state 384
    functor              go to state 270
    defined_constant     go to state 385
    defined_functor      go to state 272
    system_constant      go to state 273
    system_functor       go to state 274
    th1_defined_term     go to state 275
    defined_term         go to state 276
    atomic_word          go to state 120
    atomic_defined_word  go to state 121
    atomic_system_word   go to state 122
    number               go to state 123


State 550

  223 nhf_long_connective: LBRACE ntf_connective_name RBRACE .

    $default  reduce using rule 223 (nhf_long_connective)


State 551

   97 thf_formula_list: thf_logic_formula COMMA . thf_formula_list

    AT_AT_SIGN_MINUS         shift, and go to state 212
    AT_AT_SIGN_PLUS          shift, and go to state 213
    AT_SIGN_EQUALS           shift, and go to state 214
    AT_SIGN_MINUS            shift, and go to state 215
    AT_SIGN_PLUS             shift, and go to state 216
    CARET                    shift, and go to state 217
    EXCLAMATION              shift, and go to state 124
    EXCLAMATION_EXCLAMATION  shift, and go to state 218
    EXCLAMATION_GREATER      shift, and go to state 219
    LBRACE                   shift, and go to state 220
    LBRKT                    shift, and go to state 221
    LPAREN                   shift, and go to state 380
    QUESTION                 shift, and go to state 127
    QUESTION_QUESTION        shift, and go to state 223
    QUESTION_STAR            shift, and go to state 224
    TILDE                    shift, and go to state 128
    _DLR_let                 shift, and go to state 225
    back_quoted              shift, and go to state 27
    distinct_object          shift, and go to state 92
    dollar_dollar_word       shift, and go to state 93
    dollar_word              shift, and go to state 94
    hash                     shift, and go to state 164
    integer                  shift, and go to state 78
    less_sign                shift, and go to state 165
    lower_word               shift, and go to state 29
    rational                 shift, and go to state 79
    real                     shift, and go to state 80
    single_quoted            shift, and go to state 30
    upper_word               shift, and go to state 81

    thf_logic_formula       go to state 382
    thf_binary_formula      go to state 228
    thf_binary_nonassoc     go to state 229
    thf_binary_assoc        go to state 230
    thf_or_formula          go to state 231
    thf_and_formula         go to state 232
    thf_apply_formula       go to state 233
    thf_unit_formula        go to state 234
    thf_unitary_formula     go to state 235
    thf_quantified_formula  go to state 236
    thf_quantification      go to state 237
    thf_unary_formula       go to state 238
    thf_prefix_unary        go to state 239
    thf_infix_unary         go to state 240
    thf_atomic_formula      go to state 241
    thf_plain_atomic        go to state 242
    thf_defined_atomic      go to state 243
    thf_defined_term        go to state 244
    thf_defined_infix       go to state 245
    thf_system_atomic       go to state 246
    thf_let                 go to state 247
    thf_unitary_term        go to state 248
    thf_tuple               go to state 249
    thf_formula_list        go to state 664
    thf_unitary_type        go to state 251
    thf_binary_type         go to state 252
    thf_mapping_type        go to state 253
    thf_xprod_type          go to state 254
    thf_union_type          go to state 255
    thf_definition          go to state 257
    thf_sequent             go to state 258
    nhf_long_connective     go to state 259
    ntf_short_connective    go to state 260
    thf_quantifier          go to state 261
    thf_unary_connective    go to state 262
    th0_quantifier          go to state 263
    type_quantifier         go to state 264
    tff_quantifier          go to state 265
    fof_quantifier          go to state 198
    unary_connective        go to state 266
    constant                go to state 384
    functor                 go to state 270
    defined_constant        go to state 385
    defined_functor         go to state 272
    system_constant         go to state 273
    system_functor          go to state 274
    th1_defined_term        go to state 275
    defined_term            go to state 276
    variable                go to state 277
    atomic_word             go to state 120
    atomic_defined_word     go to state 121
    atomic_system_word      go to state 122
    number                  go to state 123


State 552

   95 thf_tuple: LBRKT thf_formula_list RBRKT .

    $default  reduce using rule 95 (thf_tuple)


State 553

   52 thf_unitary_formula: LPAREN thf_logic_formula RPAREN .
   88 thf_unitary_term: LPAREN thf_logic_formula RPAREN .

    EQUALS              reduce using rule 88 (thf_unitary_term)
    EXCLAMATION_EQUALS  reduce using rule 88 (thf_unitary_term)
    $default            reduce using rule 52 (thf_unitary_formula)


State 554

   69 thf_defined_atomic: LPAREN thf_conn_term RPAREN .

    $default  reduce using rule 69 (thf_defined_atomic)


State 555

   99 thf_atom_typing: LPAREN thf_atom_typing RPAREN .

    $default  reduce using rule 99 (thf_atom_typing)


State 556

   78 thf_let_types: LBRKT . thf_atom_typing_list RBRKT

    LPAREN           shift, and go to state 557
    back_quoted      shift, and go to state 27
    distinct_object  shift, and go to state 514
    lower_word       shift, and go to state 29
    single_quoted    shift, and go to state 30

    thf_atom_typing_list  go to state 665
    thf_atom_typing       go to state 666
    typeable_atom         go to state 394
    constant              go to state 517
    functor               go to state 270
    atomic_word           go to state 120


State 557

   99 thf_atom_typing: LPAREN . thf_atom_typing RPAREN

    LPAREN           shift, and go to state 557
    back_quoted      shift, and go to state 27
    distinct_object  shift, and go to state 514
    lower_word       shift, and go to state 29
    single_quoted    shift, and go to state 30

    thf_atom_typing  go to state 390
    typeable_atom    go to state 394
    constant         go to state 517
    functor          go to state 270
    atomic_word      go to state 120


State 558

   76 thf_let: _DLR_let LPAREN thf_let_types . COMMA thf_let_defns COMMA thf_logic_formula RPAREN

    COMMA  shift, and go to state 667


State 559

   77 thf_let_types: thf_atom_typing .

    $default  reduce using rule 77 (thf_let_types)


State 560

   13 thf_annotated: _LIT_thf LPAREN name COMMA formula_role COMMA thf_formula annotations RPAREN . PERIOD

    PERIOD  shift, and go to state 668


State 561

   39 thf_or_formula: thf_or_formula VLINE thf_unit_formula .

    $default  reduce using rule 39 (thf_or_formula)


State 562

   41 thf_and_formula: thf_and_formula AMPERSAND thf_unit_formula .

    $default  reduce using rule 41 (thf_and_formula)


State 563

   43 thf_apply_formula: thf_apply_formula AT_SIGN thf_unit_formula .

    $default  reduce using rule 43 (thf_apply_formula)


State 564

   40 thf_and_formula: thf_unit_formula AMPERSAND thf_unit_formula .

    $default  reduce using rule 40 (thf_and_formula)


State 565

   42 thf_apply_formula: thf_unit_formula AT_SIGN thf_unit_formula .

    $default  reduce using rule 42 (thf_apply_formula)


State 566

   38 thf_or_formula: thf_unit_formula VLINE thf_unit_formula .

    $default  reduce using rule 38 (thf_or_formula)


State 567

   34 thf_binary_nonassoc: thf_unit_formula nonassoc_connective thf_unit_formula .

    $default  reduce using rule 34 (thf_binary_nonassoc)


State 568

  115 thf_definition: thf_atomic_formula identical thf_logic_formula .

    $default  reduce using rule 115 (thf_definition)


State 569

  223 nhf_long_connective: LBRACE . ntf_connective_name RBRACE
  224                    | LBRACE . ntf_connective_name LPAREN nhf_parameter_list RPAREN RBRACE

    dollar_dollar_word  shift, and go to state 93
    dollar_word         shift, and go to state 94

    ntf_connective_name     go to state 379
    ntf_defined_connective  go to state 337
    atomic_defined_word     go to state 338
    atomic_system_word      go to state 339


State 570

   94 thf_tuple: LBRKT . RBRKT
   95          | LBRKT . thf_formula_list RBRKT

    AT_AT_SIGN_MINUS         shift, and go to state 212
    AT_AT_SIGN_PLUS          shift, and go to state 213
    AT_SIGN_EQUALS           shift, and go to state 214
    AT_SIGN_MINUS            shift, and go to state 215
    AT_SIGN_PLUS             shift, and go to state 216
    CARET                    shift, and go to state 217
    EXCLAMATION              shift, and go to state 124
    EXCLAMATION_EXCLAMATION  shift, and go to state 218
    EXCLAMATION_GREATER      shift, and go to state 219
    LBRACE                   shift, and go to state 220
    LBRKT                    shift, and go to state 221
    LPAREN                   shift, and go to state 380
    QUESTION                 shift, and go to state 127
    QUESTION_QUESTION        shift, and go to state 223
    QUESTION_STAR            shift, and go to state 224
    RBRKT                    shift, and go to state 381
    TILDE                    shift, and go to state 128
    _DLR_let                 shift, and go to state 225
    back_quoted              shift, and go to state 27
    distinct_object          shift, and go to state 92
    dollar_dollar_word       shift, and go to state 93
    dollar_word              shift, and go to state 94
    hash                     shift, and go to state 164
    integer                  shift, and go to state 78
    less_sign                shift, and go to state 165
    lower_word               shift, and go to state 29
    rational                 shift, and go to state 79
    real                     shift, and go to state 80
    single_quoted            shift, and go to state 30
    upper_word               shift, and go to state 81

    thf_logic_formula       go to state 382
    thf_binary_formula      go to state 228
    thf_binary_nonassoc     go to state 229
    thf_binary_assoc        go to state 230
    thf_or_formula          go to state 231
    thf_and_formula         go to state 232
    thf_apply_formula       go to state 233
    thf_unit_formula        go to state 234
    thf_unitary_formula     go to state 235
    thf_quantified_formula  go to state 236
    thf_quantification      go to state 237
    thf_unary_formula       go to state 238
    thf_prefix_unary        go to state 239
    thf_infix_unary         go to state 240
    thf_atomic_formula      go to state 241
    thf_plain_atomic        go to state 242
    thf_defined_atomic      go to state 243
    thf_defined_term        go to state 244
    thf_defined_infix       go to state 245
    thf_system_atomic       go to state 246
    thf_let                 go to state 247
    thf_unitary_term        go to state 248
    thf_tuple               go to state 249
    thf_formula_list        go to state 383
    thf_unitary_type        go to state 251
    thf_binary_type         go to state 252
    thf_mapping_type        go to state 253
    thf_xprod_type          go to state 254
    thf_union_type          go to state 255
    thf_definition          go to state 257
    thf_sequent             go to state 258
    nhf_long_connective     go to state 259
    ntf_short_connective    go to state 260
    thf_quantifier          go to state 261
    thf_unary_connective    go to state 262
    th0_quantifier          go to state 263
    type_quantifier         go to state 264
    tff_quantifier          go to state 265
    fof_quantifier          go to state 198
    unary_connective        go to state 266
    constant                go to state 384
    functor                 go to state 270
    defined_constant        go to state 385
    defined_functor         go to state 272
    system_constant         go to state 273
    system_functor          go to state 274
    th1_defined_term        go to state 275
    defined_term            go to state 276
    variable                go to state 277
    atomic_word             go to state 120
    atomic_defined_word     go to state 121
    atomic_system_word      go to state 122
    number                  go to state 123


State 571

   69 thf_defined_atomic: LPAREN . thf_conn_term RPAREN
   88 thf_unitary_term: LPAREN . thf_logic_formula RPAREN

    AMPERSAND                shift, and go to state 386
    AT_AT_SIGN_MINUS         shift, and go to state 212
    AT_AT_SIGN_PLUS          shift, and go to state 213
    AT_SIGN_EQUALS           shift, and go to state 214
    AT_SIGN_MINUS            shift, and go to state 215
    AT_SIGN_PLUS             shift, and go to state 216
    CARET                    shift, and go to state 217
    EQUALS                   shift, and go to state 294
    EQUALS_GREATER           shift, and go to state 316
    EXCLAMATION              shift, and go to state 124
    EXCLAMATION_EQUALS       shift, and go to state 295
    EXCLAMATION_EXCLAMATION  shift, and go to state 218
    EXCLAMATION_GREATER      shift, and go to state 219
    LBRACE                   shift, and go to state 220
    LBRKT                    shift, and go to state 221
    LESS_EQUALS              shift, and go to state 317
    LESS_EQUALS_GREATER      shift, and go to state 318
    LESS_TILDE_GREATER       shift, and go to state 319
    LPAREN                   shift, and go to state 380
    QUESTION                 shift, and go to state 127
    QUESTION_QUESTION        shift, and go to state 223
    QUESTION_STAR            shift, and go to state 224
    TILDE                    shift, and go to state 128
    TILDE_AMPERSAND          shift, and go to state 320
    TILDE_VLINE              shift, and go to state 321
    VLINE                    shift, and go to state 387
    _DLR_let                 shift, and go to state 225
    back_quoted              shift, and go to state 27
    distinct_object          shift, and go to state 92
    dollar_dollar_word       shift, and go to state 93
    dollar_word              shift, and go to state 94
    hash                     shift, and go to state 164
    integer                  shift, and go to state 78
    less_sign                shift, and go to state 165
    lower_word               shift, and go to state 29
    rational                 shift, and go to state 79
    real                     shift, and go to state 80
    single_quoted            shift, and go to state 30
    upper_word               shift, and go to state 81

    thf_logic_formula       go to state 669
    thf_binary_formula      go to state 228
    thf_binary_nonassoc     go to state 229
    thf_binary_assoc        go to state 230
    thf_or_formula          go to state 231
    thf_and_formula         go to state 232
    thf_apply_formula       go to state 233
    thf_unit_formula        go to state 234
    thf_unitary_formula     go to state 235
    thf_quantified_formula  go to state 236
    thf_quantification      go to state 237
    thf_unary_formula       go to state 238
    thf_prefix_unary        go to state 239
    thf_infix_unary         go to state 240
    thf_atomic_formula      go to state 241
    thf_plain_atomic        go to state 242
    thf_defined_atomic      go to state 243
    thf_defined_term        go to state 244
    thf_defined_infix       go to state 245
    thf_system_atomic       go to state 246
    thf_let                 go to state 247
    thf_unitary_term        go to state 248
    thf_conn_term           go to state 389
    thf_tuple               go to state 249
    thf_unitary_type        go to state 251
    thf_binary_type         go to state 252
    thf_mapping_type        go to state 253
    thf_xprod_type          go to state 254
    thf_union_type          go to state 255
    thf_definition          go to state 257
    thf_sequent             go to state 258
    nhf_long_connective     go to state 259
    ntf_short_connective    go to state 260
    thf_quantifier          go to state 261
    thf_unary_connective    go to state 391
    th0_quantifier          go to state 263
    type_quantifier         go to state 264
    tff_quantifier          go to state 265
    fof_quantifier          go to state 198
    nonassoc_connective     go to state 392
    assoc_connective        go to state 393
    unary_connective        go to state 266
    infix_equality          go to state 395
    infix_inequality        go to state 396
    constant                go to state 384
    functor                 go to state 270
    defined_constant        go to state 385
    defined_functor         go to state 272
    system_constant         go to state 273
    system_functor          go to state 274
    th1_defined_term        go to state 275
    defined_term            go to state 276
    variable                go to state 277
    atomic_word             go to state 120
    atomic_defined_word     go to state 121
    atomic_system_word      go to state 122
    number                  go to state 123


State 572

   86 thf_unitary_term: thf_atomic_formula .

    $default  reduce using rule 86 (thf_unitary_term)


State 573

   74 thf_defined_infix: thf_unitary_term defined_infix_pred thf_unitary_term .

    $default  reduce using rule 74 (thf_defined_infix)


State 574

   87 thf_unitary_term: variable .

    $default  reduce using rule 87 (thf_unitary_term)


State 575

   61 thf_infix_unary: thf_unitary_term infix_inequality thf_unitary_term .

    $default  reduce using rule 61 (thf_infix_unary)


State 576

  116 thf_sequent: thf_tuple gentzen_arrow thf_tuple .

    $default  reduce using rule 116 (thf_sequent)


State 577

   52 thf_unitary_formula: LPAREN . thf_logic_formula RPAREN
   69 thf_defined_atomic: LPAREN . thf_conn_term RPAREN

    AMPERSAND                shift, and go to state 386
    AT_AT_SIGN_MINUS         shift, and go to state 212
    AT_AT_SIGN_PLUS          shift, and go to state 213
    AT_SIGN_EQUALS           shift, and go to state 214
    AT_SIGN_MINUS            shift, and go to state 215
    AT_SIGN_PLUS             shift, and go to state 216
    CARET                    shift, and go to state 217
    EQUALS                   shift, and go to state 294
    EQUALS_GREATER           shift, and go to state 316
    EXCLAMATION              shift, and go to state 124
    EXCLAMATION_EQUALS       shift, and go to state 295
    EXCLAMATION_EXCLAMATION  shift, and go to state 218
    EXCLAMATION_GREATER      shift, and go to state 219
    LBRACE                   shift, and go to state 220
    LBRKT                    shift, and go to state 221
    LESS_EQUALS              shift, and go to state 317
    LESS_EQUALS_GREATER      shift, and go to state 318
    LESS_TILDE_GREATER       shift, and go to state 319
    LPAREN                   shift, and go to state 380
    QUESTION                 shift, and go to state 127
    QUESTION_QUESTION        shift, and go to state 223
    QUESTION_STAR            shift, and go to state 224
    TILDE                    shift, and go to state 128
    TILDE_AMPERSAND          shift, and go to state 320
    TILDE_VLINE              shift, and go to state 321
    VLINE                    shift, and go to state 387
    _DLR_let                 shift, and go to state 225
    back_quoted              shift, and go to state 27
    distinct_object          shift, and go to state 92
    dollar_dollar_word       shift, and go to state 93
    dollar_word              shift, and go to state 94
    hash                     shift, and go to state 164
    integer                  shift, and go to state 78
    less_sign                shift, and go to state 165
    lower_word               shift, and go to state 29
    rational                 shift, and go to state 79
    real                     shift, and go to state 80
    single_quoted            shift, and go to state 30
    upper_word               shift, and go to state 81

    thf_logic_formula       go to state 588
    thf_binary_formula      go to state 228
    thf_binary_nonassoc     go to state 229
    thf_binary_assoc        go to state 230
    thf_or_formula          go to state 231
    thf_and_formula         go to state 232
    thf_apply_formula       go to state 233
    thf_unit_formula        go to state 234
    thf_unitary_formula     go to state 235
    thf_quantified_formula  go to state 236
    thf_quantification      go to state 237
    thf_unary_formula       go to state 238
    thf_prefix_unary        go to state 239
    thf_infix_unary         go to state 240
    thf_atomic_formula      go to state 241
    thf_plain_atomic        go to state 242
    thf_defined_atomic      go to state 243
    thf_defined_term        go to state 244
    thf_defined_infix       go to state 245
    thf_system_atomic       go to state 246
    thf_let                 go to state 247
    thf_unitary_term        go to state 248
    thf_conn_term           go to state 389
    thf_tuple               go to state 249
    thf_unitary_type        go to state 251
    thf_binary_type         go to state 252
    thf_mapping_type        go to state 253
    thf_xprod_type          go to state 254
    thf_union_type          go to state 255
    thf_definition          go to state 257
    thf_sequent             go to state 258
    nhf_long_connective     go to state 259
    ntf_short_connective    go to state 260
    thf_quantifier          go to state 261
    thf_unary_connective    go to state 391
    th0_quantifier          go to state 263
    type_quantifier         go to state 264
    tff_quantifier          go to state 265
    fof_quantifier          go to state 198
    nonassoc_connective     go to state 392
    assoc_connective        go to state 393
    unary_connective        go to state 266
    infix_equality          go to state 395
    infix_inequality        go to state 396
    constant                go to state 384
    functor                 go to state 270
    defined_constant        go to state 385
    defined_functor         go to state 272
    system_constant         go to state 273
    system_functor          go to state 274
    th1_defined_term        go to state 275
    defined_term            go to state 276
    variable                go to state 277
    atomic_word             go to state 120
    atomic_defined_word     go to state 121
    atomic_system_word      go to state 122
    number                  go to state 123


State 578

  103 thf_unitary_type: thf_unitary_formula .

    $default  reduce using rule 103 (thf_unitary_type)


State 579

  110 thf_xprod_type: thf_unitary_type STAR thf_unitary_type .

    $default  reduce using rule 110 (thf_xprod_type)


State 580

  108 thf_mapping_type: thf_unitary_type . arrow thf_unitary_type
  108                 | thf_unitary_type arrow thf_unitary_type .
  109                 | thf_unitary_type . arrow thf_mapping_type

    arrow  shift, and go to state 417

    $default  reduce using rule 108 (thf_mapping_type)


State 581

  109 thf_mapping_type: thf_unitary_type arrow thf_mapping_type .

    $default  reduce using rule 109 (thf_mapping_type)


State 582

  112 thf_union_type: thf_unitary_type plus thf_unitary_type .

    $default  reduce using rule 112 (thf_union_type)


State 583

  111 thf_xprod_type: thf_xprod_type STAR thf_unitary_type .

    $default  reduce using rule 111 (thf_xprod_type)


State 584

  113 thf_union_type: thf_union_type plus thf_unitary_type .

    $default  reduce using rule 113 (thf_union_type)


State 585

   54 thf_quantification: thf_quantifier LBRKT thf_variable_list . RBRKT COLON

    RBRKT  shift, and go to state 670


State 586

   55 thf_variable_list: thf_typed_variable .
   56                  | thf_typed_variable . COMMA thf_variable_list

    COMMA  shift, and go to state 671

    $default  reduce using rule 55 (thf_variable_list)


State 587

   57 thf_typed_variable: variable . COLON thf_top_level_type

    COLON  shift, and go to state 672


State 588

   52 thf_unitary_formula: LPAREN thf_logic_formula . RPAREN

    RPAREN  shift, and go to state 673


State 589

   43 thf_apply_formula: thf_apply_formula . AT_SIGN thf_unit_formula
  104 thf_apply_type: thf_apply_formula .

    AT_SIGN  shift, and go to state 401

    $default  reduce using rule 104 (thf_apply_type)


State 590

   42 thf_apply_formula: thf_unit_formula . AT_SIGN thf_unit_formula

    AT_SIGN  shift, and go to state 403


State 591

   44 thf_unit_formula: thf_unitary_formula .
  103 thf_unitary_type: thf_unitary_formula .

    AT_SIGN   reduce using rule 44 (thf_unit_formula)
    $default  reduce using rule 103 (thf_unitary_type)


State 592

   98 thf_atom_typing: typeable_atom COLON thf_top_level_type .

    $default  reduce using rule 98 (thf_atom_typing)


State 593

  100 thf_top_level_type: thf_unitary_type .
  108 thf_mapping_type: thf_unitary_type . arrow thf_unitary_type
  109                 | thf_unitary_type . arrow thf_mapping_type

    arrow  shift, and go to state 417

    $default  reduce using rule 100 (thf_top_level_type)


State 594

  102 thf_top_level_type: thf_apply_type .

    $default  reduce using rule 102 (thf_top_level_type)


State 595

  101 thf_top_level_type: thf_mapping_type .

    $default  reduce using rule 101 (thf_top_level_type)


State 596

  114 thf_subtype: atomic_type subtype_sign atomic_type .

    $default  reduce using rule 114 (thf_subtype)


State 597

   11 tpi_annotated: _LIT_tpi LPAREN name COMMA formula_role COMMA tpi_formula annotations RPAREN . PERIOD

    PERIOD  shift, and go to state 674


State 598

  429 general_terms: general_term COMMA general_terms .

    $default  reduce using rule 429 (general_terms)


State 599

  424 formula_data: _DLR_cnf LPAREN cnf_formula RPAREN .

    $default  reduce using rule 424 (formula_data)


State 600

  423 formula_data: _DLR_fof LPAREN fof_formula RPAREN .

    $default  reduce using rule 423 (formula_data)


State 601

  425 formula_data: _DLR_fot LPAREN fof_term RPAREN .

    $default  reduce using rule 425 (formula_data)


State 602

  422 formula_data: _DLR_tff LPAREN tff_formula RPAREN .

    $default  reduce using rule 422 (formula_data)


State 603

  421 formula_data: _DLR_thf LPAREN thf_formula RPAREN .

    $default  reduce using rule 421 (formula_data)


State 604

  420 general_function: atomic_word LPAREN general_terms RPAREN .

    $default  reduce using rule 420 (general_function)


State 605

  312 cnf_literal: TILDE LPAREN fof_atomic_formula RPAREN .

    $default  reduce using rule 312 (cnf_literal)


State 606

  374 sources: source .
  375        | source . COMMA sources

    COMMA  shift, and go to state 675

    $default  reduce using rule 374 (sources)


State 607

  373 source: LBRKT sources . RBRKT

    RBRKT  shift, and go to state 676


State 608

  390 creator_source: _LIT_creator LPAREN . creator_name COMMA useful_info COMMA parents RPAREN

    back_quoted    shift, and go to state 27
    lower_word     shift, and go to state 29
    single_quoted  shift, and go to state 30

    creator_name  go to state 677
    atomic_word   go to state 678


State 609

  385 file_source: _LIT_file LPAREN . file_name file_info RPAREN

    back_quoted    shift, and go to state 27
    lower_word     shift, and go to state 29
    single_quoted  shift, and go to state 30

    atomic_word  go to state 34
    file_name    go to state 679


State 610

  378 inference_record: _LIT_inference LPAREN . inference_rule COMMA useful_info COMMA parents RPAREN

    back_quoted    shift, and go to state 27
    lower_word     shift, and go to state 29
    single_quoted  shift, and go to state 30

    inference_rule  go to state 680
    atomic_word     go to state 681


State 611

  380 internal_source: _LIT_introduced LPAREN . intro_type COMMA useful_info COMMA parents RPAREN

    back_quoted    shift, and go to state 27
    lower_word     shift, and go to state 29
    single_quoted  shift, and go to state 30

    intro_type   go to state 682
    atomic_word  go to state 683


State 612

  388 theory: _LIT_theory LPAREN . theory_name optional_info RPAREN

    back_quoted    shift, and go to state 27
    lower_word     shift, and go to state 29
    single_quoted  shift, and go to state 30

    theory_name  go to state 684
    atomic_word  go to state 685


State 613

  399 optional_info: COMMA . useful_info

    LBRKT  shift, and go to state 71

    useful_info   go to state 686
    general_list  go to state 687


State 614

   18 annotations: COMMA source optional_info .

    $default  reduce using rule 18 (annotations)


State 615

  400 optional_info: nothing .

    $default  reduce using rule 400 (optional_info)


State 616

   17 cnf_annotated: _LIT_cnf LPAREN name COMMA formula_role COMMA cnf_formula annotations RPAREN PERIOD .

    $default  reduce using rule 17 (cnf_annotated)


State 617

  285 fof_plain_term: functor LPAREN fof_arguments RPAREN .

    $default  reduce using rule 285 (fof_plain_term)


State 618

  294 fof_arguments: fof_term COMMA . fof_arguments

    back_quoted         shift, and go to state 27
    distinct_object     shift, and go to state 92
    dollar_dollar_word  shift, and go to state 93
    dollar_word         shift, and go to state 94
    integer             shift, and go to state 78
    lower_word          shift, and go to state 29
    rational            shift, and go to state 79
    real                shift, and go to state 80
    single_quoted       shift, and go to state 30
    upper_word          shift, and go to state 81

    fof_plain_term           go to state 435
    fof_defined_term         go to state 103
    fof_defined_atomic_term  go to state 104
    fof_defined_plain_term   go to state 436
    fof_system_term          go to state 437
    fof_arguments            go to state 688
    fof_term                 go to state 466
    fof_function_term        go to state 108
    constant                 go to state 112
    functor                  go to state 113
    defined_constant         go to state 114
    defined_functor          go to state 115
    system_constant          go to state 116
    system_functor           go to state 117
    defined_term             go to state 118
    variable                 go to state 119
    atomic_word              go to state 120
    atomic_defined_word      go to state 121
    atomic_system_word       go to state 122
    number                   go to state 123


State 619

  290 fof_defined_plain_term: defined_functor LPAREN fof_arguments RPAREN .

    $default  reduce using rule 290 (fof_defined_plain_term)


State 620

  292 fof_system_term: system_functor LPAREN fof_arguments RPAREN .

    $default  reduce using rule 292 (fof_system_term)


State 621

  305 fof_formula_tuple_list: fof_logic_formula COMMA fof_formula_tuple_list .

    $default  reduce using rule 305 (fof_formula_tuple_list)


State 622

   16 fof_annotated: _LIT_fof LPAREN name COMMA formula_role COMMA fof_formula annotations RPAREN PERIOD .

    $default  reduce using rule 16 (fof_annotated)


State 623

  272 fof_quantified_formula: fof_quantifier LBRKT fof_variable_list RBRKT . COLON fof_unit_formula

    COLON  shift, and go to state 689


State 624

  274 fof_variable_list: variable COMMA . fof_variable_list

    upper_word  shift, and go to state 81

    fof_variable_list  go to state 690
    variable           go to state 481


State 625

  249 tcf_quantified_formula: EXCLAMATION LBRKT tff_variable_list RBRKT . COLON tcf_logic_formula

    COLON  shift, and go to state 691


State 626

  147 tff_variable_list: tff_variable COMMA . tff_variable_list

    upper_word  shift, and go to state 81

    tff_variable_list   go to state 692
    tff_variable        go to state 483
    tff_typed_variable  go to state 484
    variable            go to state 485


State 627

  150 tff_typed_variable: variable COLON . tff_atomic_type

    LBRKT          shift, and go to state 488
    LPAREN         shift, and go to state 693
    back_quoted    shift, and go to state 27
    dollar_word    shift, and go to state 94
    lower_word     shift, and go to state 29
    single_quoted  shift, and go to state 30
    upper_word     shift, and go to state 81

    tff_atomic_type      go to state 694
    txf_tuple_type       go to state 496
    type_constant        go to state 498
    type_functor         go to state 499
    defined_type         go to state 500
    variable             go to state 501
    atomic_word          go to state 502
    atomic_defined_word  go to state 503


State 628

   15 tcf_annotated: _LIT_tcf LPAREN name COMMA formula_role COMMA tcf_formula annotations RPAREN PERIOD .

    $default  reduce using rule 15 (tcf_annotated)


State 629

  218 tff_type_list: tff_top_level_type .
  219              | tff_top_level_type . COMMA tff_type_list

    COMMA  shift, and go to state 695

    $default  reduce using rule 218 (tff_type_list)


State 630

  217 txf_tuple_type: LBRKT tff_type_list . RBRKT

    RBRKT  shift, and go to state 696


State 631

  199 tff_non_atomic_type: LPAREN tff_non_atomic_type . RPAREN

    RPAREN  shift, and go to state 697


State 632

  214 tff_mapping_type: tff_unitary_type . arrow tff_atomic_type
  215 tff_xprod_type: tff_unitary_type . STAR tff_atomic_type

    STAR   shift, and go to state 698
    arrow  shift, and go to state 635


State 633

  204 tff_unitary_type: tff_atomic_type .
  210 tff_atomic_type: LPAREN tff_atomic_type . RPAREN

    RPAREN  shift, and go to state 699

    $default  reduce using rule 204 (tff_unitary_type)


State 634

  205 tff_unitary_type: LPAREN tff_xprod_type . RPAREN
  216 tff_xprod_type: tff_xprod_type . STAR tff_atomic_type

    RPAREN  shift, and go to state 700
    STAR    shift, and go to state 701


State 635

  214 tff_mapping_type: tff_unitary_type arrow . tff_atomic_type

    LBRKT          shift, and go to state 488
    LPAREN         shift, and go to state 693
    back_quoted    shift, and go to state 27
    dollar_word    shift, and go to state 94
    lower_word     shift, and go to state 29
    single_quoted  shift, and go to state 30
    upper_word     shift, and go to state 81

    tff_atomic_type      go to state 702
    txf_tuple_type       go to state 496
    type_constant        go to state 498
    type_functor         go to state 499
    defined_type         go to state 500
    variable             go to state 501
    atomic_word          go to state 502
    atomic_defined_word  go to state 503


State 636

  200 tf1_quantified_type: type_quantifier LBRKT . tff_variable_list RBRKT COLON tff_monotype

    upper_word  shift, and go to state 81

    tff_variable_list   go to state 703
    tff_variable        go to state 483
    tff_typed_variable  go to state 484
    variable            go to state 485


State 637

  209 tff_atomic_type: type_functor LPAREN . tff_type_arguments RPAREN

    LBRKT          shift, and go to state 488
    LPAREN         shift, and go to state 693
    back_quoted    shift, and go to state 27
    dollar_word    shift, and go to state 94
    lower_word     shift, and go to state 29
    single_quoted  shift, and go to state 30
    upper_word     shift, and go to state 81

    tff_atomic_type      go to state 704
    tff_type_arguments   go to state 705
    txf_tuple_type       go to state 496
    type_constant        go to state 498
    type_functor         go to state 499
    defined_type         go to state 500
    variable             go to state 501
    atomic_word          go to state 502
    atomic_defined_word  go to state 503


State 638

  240 ntf_index: hash . tff_unitary_term

    LBRACE              shift, and go to state 531
    LBRKT               shift, and go to state 532
    LPAREN              shift, and go to state 533
    _DLR_let            shift, and go to state 163
    back_quoted         shift, and go to state 27
    distinct_object     shift, and go to state 92
    dollar_dollar_word  shift, and go to state 93
    dollar_word         shift, and go to state 94
    integer             shift, and go to state 78
    lower_word          shift, and go to state 29
    rational            shift, and go to state 79
    real                shift, and go to state 80
    single_quoted       shift, and go to state 30
    upper_word          shift, and go to state 81

    tff_atomic_formula   go to state 534
    tff_plain_atomic     go to state 181
    tff_defined_atomic   go to state 182
    tff_defined_plain    go to state 183
    tff_system_atomic    go to state 185
    txf_let              go to state 186
    nxf_atom             go to state 187
    tff_unitary_term     go to state 706
    txf_tuple            go to state 525
    nxf_long_connective  go to state 194
    constant             go to state 347
    functor              go to state 204
    defined_constant     go to state 348
    defined_functor      go to state 206
    system_constant      go to state 207
    system_functor       go to state 208
    defined_term         go to state 209
    variable             go to state 536
    atomic_word          go to state 120
    atomic_defined_word  go to state 121
    atomic_system_word   go to state 122
    number               go to state 123


State 639

  221 txf_definition: tff_atomic_formula . identical tff_term

    EQUALS_EQUALS  shift, and go to state 360

    identical  go to state 361


State 640

  236 nxf_key_pair: txf_definition .

    $default  reduce using rule 236 (nxf_key_pair)


State 641

  231 nxf_long_connective: LBRACE ntf_connective_name LPAREN nxf_parameter_list . RPAREN RBRACE

    RPAREN  shift, and go to state 707


State 642

  232 nxf_parameter_list: nxf_parameter .
  233                   | nxf_parameter . COMMA nxf_parameter_list

    COMMA  shift, and go to state 708

    $default  reduce using rule 232 (nxf_parameter_list)


State 643

  235 nxf_parameter: nxf_key_pair .

    $default  reduce using rule 235 (nxf_parameter)


State 644

  234 nxf_parameter: ntf_index .

    $default  reduce using rule 234 (nxf_parameter)


State 645

  192 tff_arguments: tff_term COMMA tff_arguments .

    $default  reduce using rule 192 (tff_arguments)


State 646

  170 txf_let_types: LBRKT tff_atom_typing_list . RBRKT

    RBRKT  shift, and go to state 709


State 647

  171 tff_atom_typing_list: tff_atom_typing .
  172                     | tff_atom_typing . COMMA tff_atom_typing_list

    COMMA  shift, and go to state 710

    $default  reduce using rule 171 (tff_atom_typing_list)


State 648

  168 txf_let: _DLR_let LPAREN txf_let_types COMMA . txf_let_defns COMMA tff_term RPAREN

    LBRKT          shift, and go to state 711
    back_quoted    shift, and go to state 27
    lower_word     shift, and go to state 29
    single_quoted  shift, and go to state 30

    tff_plain_atomic  go to state 712
    txf_let_defns     go to state 713
    txf_let_defn      go to state 714
    txf_let_LHS       go to state 715
    txf_tuple         go to state 716
    constant          go to state 347
    functor           go to state 204
    atomic_word       go to state 120


State 649

   14 tff_annotated: _LIT_tff LPAREN name COMMA formula_role COMMA tff_formula annotations RPAREN PERIOD .

    $default  reduce using rule 14 (tff_annotated)


State 650

  188 tff_unitary_term: LPAREN tff_logic_formula . RPAREN

    RPAREN  shift, and go to state 717


State 651

  180 nxf_atom: nxf_long_connective AT_SIGN LPAREN tff_arguments . RPAREN

    RPAREN  shift, and go to state 718


State 652

  143 tff_unitary_formula: LPAREN tff_logic_formula RPAREN .

    $default  reduce using rule 143 (tff_unitary_formula)


State 653

  145 tff_quantified_formula: tff_quantifier LBRKT tff_variable_list RBRKT . COLON tff_unit_formula

    COLON  shift, and go to state 719


State 654

  159 tff_plain_atomic: functor LPAREN tff_arguments RPAREN .

    $default  reduce using rule 159 (tff_plain_atomic)


State 655

  162 tff_defined_plain: defined_functor LPAREN tff_arguments RPAREN .

    $default  reduce using rule 162 (tff_defined_plain)


State 656

  167 tff_system_atomic: system_functor LPAREN tff_arguments RPAREN .

    $default  reduce using rule 167 (tff_system_atomic)


State 657

   69 thf_defined_atomic: LPAREN . thf_conn_term RPAREN

    AMPERSAND            shift, and go to state 386
    EQUALS               shift, and go to state 294
    EQUALS_GREATER       shift, and go to state 316
    EXCLAMATION_EQUALS   shift, and go to state 295
    LBRACE               shift, and go to state 720
    LBRKT                shift, and go to state 366
    LESS_EQUALS          shift, and go to state 317
    LESS_EQUALS_GREATER  shift, and go to state 318
    LESS_TILDE_GREATER   shift, and go to state 319
    LPAREN               shift, and go to state 721
    TILDE                shift, and go to state 128
    TILDE_AMPERSAND      shift, and go to state 320
    TILDE_VLINE          shift, and go to state 321
    VLINE                shift, and go to state 387
    less_sign            shift, and go to state 165

    thf_conn_term         go to state 389
    ntf_short_connective  go to state 260
    thf_unary_connective  go to state 722
    nonassoc_connective   go to state 392
    assoc_connective      go to state 393
    unary_connective      go to state 266
    infix_equality        go to state 395
    infix_inequality      go to state 396


State 658

  115 thf_definition: thf_atomic_formula . identical thf_logic_formula

    EQUALS_EQUALS  shift, and go to state 360

    identical  go to state 412


State 659

  229 nhf_key_pair: thf_definition .

    $default  reduce using rule 229 (nhf_key_pair)


State 660

  224 nhf_long_connective: LBRACE ntf_connective_name LPAREN nhf_parameter_list . RPAREN RBRACE

    RPAREN  shift, and go to state 723


State 661

  225 nhf_parameter_list: nhf_parameter .
  226                   | nhf_parameter . COMMA nhf_parameter_list

    COMMA  shift, and go to state 724

    $default  reduce using rule 225 (nhf_parameter_list)


State 662

  228 nhf_parameter: nhf_key_pair .

    $default  reduce using rule 228 (nhf_parameter)


State 663

  227 nhf_parameter: ntf_index .

    $default  reduce using rule 227 (nhf_parameter)


State 664

   97 thf_formula_list: thf_logic_formula COMMA thf_formula_list .

    $default  reduce using rule 97 (thf_formula_list)


State 665

   78 thf_let_types: LBRKT thf_atom_typing_list . RBRKT

    RBRKT  shift, and go to state 725


State 666

   79 thf_atom_typing_list: thf_atom_typing .
   80                     | thf_atom_typing . COMMA thf_atom_typing_list

    COMMA  shift, and go to state 726

    $default  reduce using rule 79 (thf_atom_typing_list)


State 667

   76 thf_let: _DLR_let LPAREN thf_let_types COMMA . thf_let_defns COMMA thf_logic_formula RPAREN

    AT_AT_SIGN_MINUS         shift, and go to state 212
    AT_AT_SIGN_PLUS          shift, and go to state 213
    AT_SIGN_EQUALS           shift, and go to state 214
    AT_SIGN_MINUS            shift, and go to state 215
    AT_SIGN_PLUS             shift, and go to state 216
    CARET                    shift, and go to state 217
    EXCLAMATION              shift, and go to state 124
    EXCLAMATION_EXCLAMATION  shift, and go to state 218
    EXCLAMATION_GREATER      shift, and go to state 219
    LBRACE                   shift, and go to state 220
    LBRKT                    shift, and go to state 727
    LPAREN                   shift, and go to state 380
    QUESTION                 shift, and go to state 127
    QUESTION_QUESTION        shift, and go to state 223
    QUESTION_STAR            shift, and go to state 224
    TILDE                    shift, and go to state 128
    _DLR_let                 shift, and go to state 225
    back_quoted              shift, and go to state 27
    distinct_object          shift, and go to state 92
    dollar_dollar_word       shift, and go to state 93
    dollar_word              shift, and go to state 94
    hash                     shift, and go to state 164
    integer                  shift, and go to state 78
    less_sign                shift, and go to state 165
    lower_word               shift, and go to state 29
    rational                 shift, and go to state 79
    real                     shift, and go to state 80
    single_quoted            shift, and go to state 30
    upper_word               shift, and go to state 81

    thf_logic_formula       go to state 728
    thf_binary_formula      go to state 228
    thf_binary_nonassoc     go to state 229
    thf_binary_assoc        go to state 230
    thf_or_formula          go to state 231
    thf_and_formula         go to state 232
    thf_apply_formula       go to state 233
    thf_unit_formula        go to state 234
    thf_unitary_formula     go to state 235
    thf_quantified_formula  go to state 236
    thf_quantification      go to state 237
    thf_unary_formula       go to state 238
    thf_prefix_unary        go to state 239
    thf_infix_unary         go to state 240
    thf_atomic_formula      go to state 241
    thf_plain_atomic        go to state 242
    thf_defined_atomic      go to state 243
    thf_defined_term        go to state 244
    thf_defined_infix       go to state 245
    thf_system_atomic       go to state 246
    thf_let                 go to state 247
    thf_let_defns           go to state 729
    thf_let_defn            go to state 730
    thf_unitary_term        go to state 248
    thf_tuple               go to state 249
    thf_unitary_type        go to state 251
    thf_binary_type         go to state 252
    thf_mapping_type        go to state 253
    thf_xprod_type          go to state 254
    thf_union_type          go to state 255
    thf_definition          go to state 257
    thf_sequent             go to state 258
    nhf_long_connective     go to state 259
    ntf_short_connective    go to state 260
    thf_quantifier          go to state 261
    thf_unary_connective    go to state 262
    th0_quantifier          go to state 263
    type_quantifier         go to state 264
    tff_quantifier          go to state 265
    fof_quantifier          go to state 198
    unary_connective        go to state 266
    constant                go to state 384
    functor                 go to state 270
    defined_constant        go to state 385
    defined_functor         go to state 272
    system_constant         go to state 273
    system_functor          go to state 274
    th1_defined_term        go to state 275
    defined_term            go to state 276
    variable                go to state 277
    atomic_word             go to state 120
    atomic_defined_word     go to state 121
    atomic_system_word      go to state 122
    number                  go to state 123


State 668

   13 thf_annotated: _LIT_thf LPAREN name COMMA formula_role COMMA thf_formula annotations RPAREN PERIOD .

    $default  reduce using rule 13 (thf_annotated)


State 669

   88 thf_unitary_term: LPAREN thf_logic_formula . RPAREN

    RPAREN  shift, and go to state 731


State 670

   54 thf_quantification: thf_quantifier LBRKT thf_variable_list RBRKT . COLON

    COLON  shift, and go to state 732


State 671

   56 thf_variable_list: thf_typed_variable COMMA . thf_variable_list

    upper_word  shift, and go to state 81

    thf_variable_list   go to state 733
    thf_typed_variable  go to state 586
    variable            go to state 587


State 672

   57 thf_typed_variable: variable COLON . thf_top_level_type

    AT_AT_SIGN_MINUS         shift, and go to state 212
    AT_AT_SIGN_PLUS          shift, and go to state 213
    AT_SIGN_EQUALS           shift, and go to state 214
    AT_SIGN_MINUS            shift, and go to state 215
    AT_SIGN_PLUS             shift, and go to state 216
    CARET                    shift, and go to state 217
    EXCLAMATION              shift, and go to state 124
    EXCLAMATION_EXCLAMATION  shift, and go to state 218
    EXCLAMATION_GREATER      shift, and go to state 219
    LBRACE                   shift, and go to state 220
    LBRKT                    shift, and go to state 221
    LPAREN                   shift, and go to state 380
    QUESTION                 shift, and go to state 127
    QUESTION_QUESTION        shift, and go to state 223
    QUESTION_STAR            shift, and go to state 224
    TILDE                    shift, and go to state 128
    _DLR_let                 shift, and go to state 225
    back_quoted              shift, and go to state 27
    distinct_object          shift, and go to state 92
    dollar_dollar_word       shift, and go to state 93
    dollar_word              shift, and go to state 94
    hash                     shift, and go to state 164
    integer                  shift, and go to state 78
    less_sign                shift, and go to state 165
    lower_word               shift, and go to state 29
    rational                 shift, and go to state 79
    real                     shift, and go to state 80
    single_quoted            shift, and go to state 30
    upper_word               shift, and go to state 81

    thf_apply_formula       go to state 589
    thf_unit_formula        go to state 590
    thf_unitary_formula     go to state 591
    thf_quantified_formula  go to state 236
    thf_quantification      go to state 237
    thf_unary_formula       go to state 408
    thf_prefix_unary        go to state 239
    thf_infix_unary         go to state 240
    thf_atomic_formula      go to state 409
    thf_plain_atomic        go to state 242
    thf_defined_atomic      go to state 243
    thf_defined_term        go to state 244
    thf_defined_infix       go to state 410
    thf_system_atomic       go to state 246
    thf_let                 go to state 247
    thf_unitary_term        go to state 248
    thf_tuple               go to state 411
    thf_top_level_type      go to state 734
    thf_unitary_type        go to state 593
    thf_apply_type          go to state 594
    thf_mapping_type        go to state 595
    nhf_long_connective     go to state 259
    ntf_short_connective    go to state 260
    thf_quantifier          go to state 261
    thf_unary_connective    go to state 262
    th0_quantifier          go to state 263
    type_quantifier         go to state 264
    tff_quantifier          go to state 265
    fof_quantifier          go to state 198
    unary_connective        go to state 266
    constant                go to state 384
    functor                 go to state 270
    defined_constant        go to state 385
    defined_functor         go to state 272
    system_constant         go to state 273
    system_functor          go to state 274
    th1_defined_term        go to state 275
    defined_term            go to state 276
    variable                go to state 277
    atomic_word             go to state 120
    atomic_defined_word     go to state 121
    atomic_system_word      go to state 122
    number                  go to state 123


State 673

   52 thf_unitary_formula: LPAREN thf_logic_formula RPAREN .

    $default  reduce using rule 52 (thf_unitary_formula)


State 674

   11 tpi_annotated: _LIT_tpi LPAREN name COMMA formula_role COMMA tpi_formula annotations RPAREN PERIOD .

    $default  reduce using rule 11 (tpi_annotated)


State 675

  375 sources: source COMMA . sources

    LBRKT            shift, and go to state 447
    _LIT_creator     shift, and go to state 448
    _LIT_file        shift, and go to state 449
    _LIT_inference   shift, and go to state 450
    _LIT_introduced  shift, and go to state 451
    _LIT_theory      shift, and go to state 452
    _LIT_unknown     shift, and go to state 453
    back_quoted      shift, and go to state 27
    integer          shift, and go to state 28
    lower_word       shift, and go to state 29
    single_quoted    shift, and go to state 30

    source            go to state 606
    sources           go to state 735
    dag_source        go to state 455
    inference_record  go to state 456
    internal_source   go to state 457
    external_source   go to state 458
    file_source       go to state 459
    theory            go to state 460
    creator_source    go to state 461
    name              go to state 462
    atomic_word       go to state 32


State 676

  373 source: LBRKT sources RBRKT .

    $default  reduce using rule 373 (source)


State 677

  390 creator_source: _LIT_creator LPAREN creator_name . COMMA useful_info COMMA parents RPAREN

    COMMA  shift, and go to state 736


State 678

  391 creator_name: atomic_word .

    $default  reduce using rule 391 (creator_name)


State 679

  385 file_source: _LIT_file LPAREN file_name . file_info RPAREN

    COMMA  shift, and go to state 737

    $default  reduce using rule 441 (nothing)

    file_info  go to state 738
    nothing    go to state 739


State 680

  378 inference_record: _LIT_inference LPAREN inference_rule . COMMA useful_info COMMA parents RPAREN

    COMMA  shift, and go to state 740


State 681

  379 inference_rule: atomic_word .

    $default  reduce using rule 379 (inference_rule)


State 682

  380 internal_source: _LIT_introduced LPAREN intro_type . COMMA useful_info COMMA parents RPAREN

    COMMA  shift, and go to state 741


State 683

  381 intro_type: atomic_word .

    $default  reduce using rule 381 (intro_type)


State 684

  388 theory: _LIT_theory LPAREN theory_name . optional_info RPAREN

    COMMA  shift, and go to state 613

    $default  reduce using rule 441 (nothing)

    optional_info  go to state 742
    nothing        go to state 615


State 685

  389 theory_name: atomic_word .

    $default  reduce using rule 389 (theory_name)


State 686

  399 optional_info: COMMA useful_info .

    $default  reduce using rule 399 (optional_info)


State 687

  401 useful_info: general_list .

    $default  reduce using rule 401 (useful_info)


State 688

  294 fof_arguments: fof_term COMMA fof_arguments .

    $default  reduce using rule 294 (fof_arguments)


State 689

  272 fof_quantified_formula: fof_quantifier LBRKT fof_variable_list RBRKT COLON . fof_unit_formula

    EXCLAMATION         shift, and go to state 124
    LPAREN              shift, and go to state 306
    QUESTION            shift, and go to state 127
    TILDE               shift, and go to state 128
    back_quoted         shift, and go to state 27
    distinct_object     shift, and go to state 92
    dollar_dollar_word  shift, and go to state 93
    dollar_word         shift, and go to state 94
    integer             shift, and go to state 78
    lower_word          shift, and go to state 29
    rational            shift, and go to state 79
    real                shift, and go to state 80
    single_quoted       shift, and go to state 30
    upper_word          shift, and go to state 81

    fof_unary_formula           go to state 327
    fof_infix_unary             go to state 137
    fof_unit_formula            go to state 743
    fof_unitary_formula         go to state 329
    fof_quantified_formula      go to state 140
    fof_atomic_formula          go to state 141
    fof_plain_atomic_formula    go to state 97
    fof_defined_atomic_formula  go to state 98
    fof_defined_plain_formula   go to state 99
    fof_defined_infix_formula   go to state 100
    fof_system_atomic_formula   go to state 101
    fof_plain_term              go to state 102
    fof_defined_term            go to state 103
    fof_defined_atomic_term     go to state 104
    fof_defined_plain_term      go to state 105
    fof_system_term             go to state 106
    fof_term                    go to state 107
    fof_function_term           go to state 108
    fof_quantifier              go to state 144
    unary_connective            go to state 145
    constant                    go to state 112
    functor                     go to state 113
    defined_constant            go to state 114
    defined_functor             go to state 115
    system_constant             go to state 116
    system_functor              go to state 117
    defined_term                go to state 118
    variable                    go to state 119
    atomic_word                 go to state 120
    atomic_defined_word         go to state 121
    atomic_system_word          go to state 122
    number                      go to state 123


State 690

  274 fof_variable_list: variable COMMA fof_variable_list .

    $default  reduce using rule 274 (fof_variable_list)


State 691

  249 tcf_quantified_formula: EXCLAMATION LBRKT tff_variable_list RBRKT COLON . tcf_logic_formula

    EXCLAMATION         shift, and go to state 150
    LPAREN              shift, and go to state 90
    TILDE               shift, and go to state 91
    back_quoted         shift, and go to state 27
    distinct_object     shift, and go to state 92
    dollar_dollar_word  shift, and go to state 93
    dollar_word         shift, and go to state 94
    integer             shift, and go to state 78
    lower_word          shift, and go to state 29
    rational            shift, and go to state 79
    real                shift, and go to state 80
    single_quoted       shift, and go to state 30
    upper_word          shift, and go to state 81

    tcf_logic_formula           go to state 744
    tcf_quantified_formula      go to state 156
    fof_infix_unary             go to state 95
    fof_atomic_formula          go to state 96
    fof_plain_atomic_formula    go to state 97
    fof_defined_atomic_formula  go to state 98
    fof_defined_plain_formula   go to state 99
    fof_defined_infix_formula   go to state 100
    fof_system_atomic_formula   go to state 101
    fof_plain_term              go to state 102
    fof_defined_term            go to state 103
    fof_defined_atomic_term     go to state 104
    fof_defined_plain_term      go to state 105
    fof_system_term             go to state 106
    fof_term                    go to state 107
    fof_function_term           go to state 108
    cnf_formula                 go to state 157
    cnf_disjunction             go to state 110
    cnf_literal                 go to state 111
    constant                    go to state 112
    functor                     go to state 113
    defined_constant            go to state 114
    defined_functor             go to state 115
    system_constant             go to state 116
    system_functor              go to state 117
    defined_term                go to state 118
    variable                    go to state 119
    atomic_word                 go to state 120
    atomic_defined_word         go to state 121
    atomic_system_word          go to state 122
    number                      go to state 123


State 692

  147 tff_variable_list: tff_variable COMMA tff_variable_list .

    $default  reduce using rule 147 (tff_variable_list)


State 693

  210 tff_atomic_type: LPAREN . tff_atomic_type RPAREN

    LBRKT          shift, and go to state 488
    LPAREN         shift, and go to state 693
    back_quoted    shift, and go to state 27
    dollar_word    shift, and go to state 94
    lower_word     shift, and go to state 29
    single_quoted  shift, and go to state 30
    upper_word     shift, and go to state 81

    tff_atomic_type      go to state 745
    txf_tuple_type       go to state 496
    type_constant        go to state 498
    type_functor         go to state 499
    defined_type         go to state 500
    variable             go to state 501
    atomic_word          go to state 502
    atomic_defined_word  go to state 503


State 694

  150 tff_typed_variable: variable COLON tff_atomic_type .

    $default  reduce using rule 150 (tff_typed_variable)


State 695

  219 tff_type_list: tff_top_level_type COMMA . tff_type_list

    EXCLAMATION_GREATER  shift, and go to state 219
    LBRKT                shift, and go to state 488
    LPAREN               shift, and go to state 489
    QUESTION_STAR        shift, and go to state 224
    back_quoted          shift, and go to state 27
    dollar_word          shift, and go to state 94
    lower_word           shift, and go to state 29
    single_quoted        shift, and go to state 30
    upper_word           shift, and go to state 81

    tff_top_level_type   go to state 629
    tff_non_atomic_type  go to state 491
    tf1_quantified_type  go to state 492
    tff_unitary_type     go to state 493
    tff_atomic_type      go to state 494
    tff_mapping_type     go to state 495
    txf_tuple_type       go to state 496
    tff_type_list        go to state 746
    type_quantifier      go to state 497
    type_constant        go to state 498
    type_functor         go to state 499
    defined_type         go to state 500
    variable             go to state 501
    atomic_word          go to state 502
    atomic_defined_word  go to state 503


State 696

  217 txf_tuple_type: LBRKT tff_type_list RBRKT .

    $default  reduce using rule 217 (txf_tuple_type)


State 697

  199 tff_non_atomic_type: LPAREN tff_non_atomic_type RPAREN .

    $default  reduce using rule 199 (tff_non_atomic_type)


State 698

  215 tff_xprod_type: tff_unitary_type STAR . tff_atomic_type

    LBRKT          shift, and go to state 488
    LPAREN         shift, and go to state 693
    back_quoted    shift, and go to state 27
    dollar_word    shift, and go to state 94
    lower_word     shift, and go to state 29
    single_quoted  shift, and go to state 30
    upper_word     shift, and go to state 81

    tff_atomic_type      go to state 747
    txf_tuple_type       go to state 496
    type_constant        go to state 498
    type_functor         go to state 499
    defined_type         go to state 500
    variable             go to state 501
    atomic_word          go to state 502
    atomic_defined_word  go to state 503


State 699

  210 tff_atomic_type: LPAREN tff_atomic_type RPAREN .

    $default  reduce using rule 210 (tff_atomic_type)


State 700

  205 tff_unitary_type: LPAREN tff_xprod_type RPAREN .

    $default  reduce using rule 205 (tff_unitary_type)


State 701

  216 tff_xprod_type: tff_xprod_type STAR . tff_atomic_type

    LBRKT          shift, and go to state 488
    LPAREN         shift, and go to state 693
    back_quoted    shift, and go to state 27
    dollar_word    shift, and go to state 94
    lower_word     shift, and go to state 29
    single_quoted  shift, and go to state 30
    upper_word     shift, and go to state 81

    tff_atomic_type      go to state 748
    txf_tuple_type       go to state 496
    type_constant        go to state 498
    type_functor         go to state 499
    defined_type         go to state 500
    variable             go to state 501
    atomic_word          go to state 502
    atomic_defined_word  go to state 503


State 702

  214 tff_mapping_type: tff_unitary_type arrow tff_atomic_type .

    $default  reduce using rule 214 (tff_mapping_type)


State 703

  200 tf1_quantified_type: type_quantifier LBRKT tff_variable_list . RBRKT COLON tff_monotype

    RBRKT  shift, and go to state 749


State 704

  212 tff_type_arguments: tff_atomic_type .
  213                   | tff_atomic_type . COMMA tff_type_arguments

    COMMA  shift, and go to state 750

    $default  reduce using rule 212 (tff_type_arguments)


State 705

  209 tff_atomic_type: type_functor LPAREN tff_type_arguments . RPAREN

    RPAREN  shift, and go to state 751


State 706

  240 ntf_index: hash tff_unitary_term .

    $default  reduce using rule 240 (ntf_index)


State 707

  231 nxf_long_connective: LBRACE ntf_connective_name LPAREN nxf_parameter_list RPAREN . RBRACE

    RBRACE  shift, and go to state 752


State 708

  233 nxf_parameter_list: nxf_parameter COMMA . nxf_parameter_list

    LBRACE              shift, and go to state 531
    _DLR_let            shift, and go to state 163
    back_quoted         shift, and go to state 27
    dollar_dollar_word  shift, and go to state 93
    dollar_word         shift, and go to state 94
    hash                shift, and go to state 638
    lower_word          shift, and go to state 29
    single_quoted       shift, and go to state 30

    tff_atomic_formula   go to state 639
    tff_plain_atomic     go to state 181
    tff_defined_atomic   go to state 182
    tff_defined_plain    go to state 183
    tff_system_atomic    go to state 185
    txf_let              go to state 186
    nxf_atom             go to state 187
    txf_definition       go to state 640
    nxf_long_connective  go to state 194
    nxf_parameter_list   go to state 753
    nxf_parameter        go to state 642
    nxf_key_pair         go to state 643
    ntf_index            go to state 644
    constant             go to state 347
    functor              go to state 204
    defined_constant     go to state 348
    defined_functor      go to state 206
    system_constant      go to state 207
    system_functor       go to state 208
    atomic_word          go to state 120
    atomic_defined_word  go to state 121
    atomic_system_word   go to state 122


State 709

  170 txf_let_types: LBRKT tff_atom_typing_list RBRKT .

    $default  reduce using rule 170 (txf_let_types)


State 710

  172 tff_atom_typing_list: tff_atom_typing COMMA . tff_atom_typing_list

    LPAREN           shift, and go to state 513
    back_quoted      shift, and go to state 27
    distinct_object  shift, and go to state 514
    lower_word       shift, and go to state 29
    single_quoted    shift, and go to state 30

    tff_atom_typing_list  go to state 754
    tff_atom_typing       go to state 647
    typeable_atom         go to state 158
    constant              go to state 517
    functor               go to state 270
    atomic_word           go to state 120


State 711

  174 txf_let_defns: LBRKT . txf_let_defn_list RBRKT
  189 txf_tuple: LBRKT . RBRKT
  190          | LBRKT . tff_arguments RBRKT

    EXCLAMATION         shift, and go to state 124
    LBRACE              shift, and go to state 160
    LBRKT               shift, and go to state 161
    LPAREN              shift, and go to state 340
    QUESTION            shift, and go to state 127
    RBRKT               shift, and go to state 342
    TILDE               shift, and go to state 128
    _DLR_let            shift, and go to state 163
    back_quoted         shift, and go to state 27
    distinct_object     shift, and go to state 92
    dollar_dollar_word  shift, and go to state 93
    dollar_word         shift, and go to state 94
    hash                shift, and go to state 164
    integer             shift, and go to state 78
    less_sign           shift, and go to state 165
    lower_word          shift, and go to state 29
    rational            shift, and go to state 79
    real                shift, and go to state 80
    single_quoted       shift, and go to state 30
    upper_word          shift, and go to state 81

    tff_logic_formula       go to state 343
    tff_binary_formula      go to state 168
    tff_binary_nonassoc     go to state 169
    tff_binary_assoc        go to state 170
    tff_or_formula          go to state 171
    tff_and_formula         go to state 172
    tff_unit_formula        go to state 173
    tff_unitary_formula     go to state 174
    txf_unitary_formula     go to state 175
    tff_quantified_formula  go to state 176
    tff_unary_formula       go to state 177
    tff_prefix_unary        go to state 178
    tff_infix_unary         go to state 179
    tff_atomic_formula      go to state 180
    tff_plain_atomic        go to state 755
    tff_defined_atomic      go to state 182
    tff_defined_plain       go to state 183
    tff_defined_infix       go to state 184
    tff_system_atomic       go to state 185
    txf_let                 go to state 186
    txf_let_defn            go to state 756
    txf_let_LHS             go to state 715
    txf_let_defn_list       go to state 757
    nxf_atom                go to state 187
    tff_term                go to state 344
    tff_unitary_term        go to state 188
    txf_tuple               go to state 758
    tff_arguments           go to state 346
    txf_definition          go to state 192
    txf_sequent             go to state 193
    nxf_long_connective     go to state 194
    ntf_short_connective    go to state 195
    tff_unary_connective    go to state 196
    tff_quantifier          go to state 197
    fof_quantifier          go to state 198
    unary_connective        go to state 199
    constant                go to state 347
    functor                 go to state 204
    defined_constant        go to state 348
    defined_functor         go to state 206
    system_constant         go to state 207
    system_functor          go to state 208
    defined_term            go to state 349
    variable                go to state 210
    atomic_word             go to state 120
    atomic_defined_word     go to state 121
    atomic_system_word      go to state 122
    number                  go to state 123


State 712

  176 txf_let_LHS: tff_plain_atomic .

    $default  reduce using rule 176 (txf_let_LHS)


State 713

  168 txf_let: _DLR_let LPAREN txf_let_types COMMA txf_let_defns . COMMA tff_term RPAREN

    COMMA  shift, and go to state 759


State 714

  173 txf_let_defns: txf_let_defn .

    $default  reduce using rule 173 (txf_let_defns)


State 715

  175 txf_let_defn: txf_let_LHS . assignment tff_term

    COLON_EQUALS  shift, and go to state 760

    assignment  go to state 761


State 716

  177 txf_let_LHS: txf_tuple .

    $default  reduce using rule 177 (txf_let_LHS)


State 717

  188 tff_unitary_term: LPAREN tff_logic_formula RPAREN .

    $default  reduce using rule 188 (tff_unitary_term)


State 718

  180 nxf_atom: nxf_long_connective AT_SIGN LPAREN tff_arguments RPAREN .

    $default  reduce using rule 180 (nxf_atom)


State 719

  145 tff_quantified_formula: tff_quantifier LBRKT tff_variable_list RBRKT COLON . tff_unit_formula

    EXCLAMATION         shift, and go to state 124
    LBRACE              shift, and go to state 160
    LBRKT               shift, and go to state 161
    LPAREN              shift, and go to state 340
    QUESTION            shift, and go to state 127
    TILDE               shift, and go to state 128
    _DLR_let            shift, and go to state 163
    back_quoted         shift, and go to state 27
    distinct_object     shift, and go to state 92
    dollar_dollar_word  shift, and go to state 93
    dollar_word         shift, and go to state 94
    hash                shift, and go to state 164
    integer             shift, and go to state 78
    less_sign           shift, and go to state 165
    lower_word          shift, and go to state 29
    rational            shift, and go to state 79
    real                shift, and go to state 80
    single_quoted       shift, and go to state 30
    upper_word          shift, and go to state 81

    tff_unit_formula        go to state 762
    tff_unitary_formula     go to state 521
    txf_unitary_formula     go to state 175
    tff_quantified_formula  go to state 176
    tff_unary_formula       go to state 522
    tff_prefix_unary        go to state 178
    tff_infix_unary         go to state 179
    tff_atomic_formula      go to state 523
    tff_plain_atomic        go to state 181
    tff_defined_atomic      go to state 182
    tff_defined_plain       go to state 183
    tff_defined_infix       go to state 524
    tff_system_atomic       go to state 185
    txf_let                 go to state 186
    nxf_atom                go to state 187
    tff_unitary_term        go to state 188
    txf_tuple               go to state 525
    nxf_long_connective     go to state 194
    ntf_short_connective    go to state 195
    tff_unary_connective    go to state 196
    tff_quantifier          go to state 197
    fof_quantifier          go to state 198
    unary_connective        go to state 199
    constant                go to state 347
    functor                 go to state 204
    defined_constant        go to state 348
    defined_functor         go to state 206
    system_constant         go to state 207
    system_functor          go to state 208
    defined_term            go to state 209
    variable                go to state 210
    atomic_word             go to state 120
    atomic_defined_word     go to state 121
    atomic_system_word      go to state 122
    number                  go to state 123


State 720

  243 ntf_short_connective: LBRACE . PERIOD RBRACE

    PERIOD  shift, and go to state 335


State 721

  244 ntf_short_connective: LPAREN . PERIOD RPAREN

    PERIOD  shift, and go to state 350


State 722

   93 thf_conn_term: thf_unary_connective .

    $default  reduce using rule 93 (thf_conn_term)


State 723

  224 nhf_long_connective: LBRACE ntf_connective_name LPAREN nhf_parameter_list RPAREN . RBRACE

    RBRACE  shift, and go to state 763


State 724

  226 nhf_parameter_list: nhf_parameter COMMA . nhf_parameter_list

    AT_AT_SIGN_MINUS         shift, and go to state 212
    AT_AT_SIGN_PLUS          shift, and go to state 213
    AT_SIGN_EQUALS           shift, and go to state 214
    EXCLAMATION_EXCLAMATION  shift, and go to state 218
    LBRACE                   shift, and go to state 569
    LBRKT                    shift, and go to state 570
    LPAREN                   shift, and go to state 657
    QUESTION_QUESTION        shift, and go to state 223
    _DLR_let                 shift, and go to state 225
    back_quoted              shift, and go to state 27
    distinct_object          shift, and go to state 92
    dollar_dollar_word       shift, and go to state 93
    dollar_word              shift, and go to state 94
    hash                     shift, and go to state 638
    integer                  shift, and go to state 78
    lower_word               shift, and go to state 29
    rational                 shift, and go to state 79
    real                     shift, and go to state 80
    single_quoted            shift, and go to state 30

    thf_atomic_formula   go to state 658
    thf_plain_atomic     go to state 242
    thf_defined_atomic   go to state 243
    thf_defined_term     go to state 244
    thf_system_atomic    go to state 246
    thf_let              go to state 247
    thf_tuple            go to state 411
    thf_definition       go to state 659
    nhf_long_connective  go to state 259
    nhf_parameter_list   go to state 764
    nhf_parameter        go to state 661
    nhf_key_pair         go to state 662
    ntf_index            go to state 663
    constant             go to state 384
    functor              go to state 270
    defined_constant     go to state 385
    defined_functor      go to state 272
    system_constant      go to state 273
    system_functor       go to state 274
    th1_defined_term     go to state 275
    defined_term         go to state 276
    atomic_word          go to state 120
    atomic_defined_word  go to state 121
    atomic_system_word   go to state 122
    number               go to state 123


State 725

   78 thf_let_types: LBRKT thf_atom_typing_list RBRKT .

    $default  reduce using rule 78 (thf_let_types)


State 726

   80 thf_atom_typing_list: thf_atom_typing COMMA . thf_atom_typing_list

    LPAREN           shift, and go to state 557
    back_quoted      shift, and go to state 27
    distinct_object  shift, and go to state 514
    lower_word       shift, and go to state 29
    single_quoted    shift, and go to state 30

    thf_atom_typing_list  go to state 765
    thf_atom_typing       go to state 666
    typeable_atom         go to state 394
    constant              go to state 517
    functor               go to state 270
    atomic_word           go to state 120


State 727

   82 thf_let_defns: LBRKT . thf_let_defn_list RBRKT
   94 thf_tuple: LBRKT . RBRKT
   95          | LBRKT . thf_formula_list RBRKT
  241 ntf_short_connective: LBRKT . PERIOD RBRKT

    AT_AT_SIGN_MINUS         shift, and go to state 212
    AT_AT_SIGN_PLUS          shift, and go to state 213
    AT_SIGN_EQUALS           shift, and go to state 214
    AT_SIGN_MINUS            shift, and go to state 215
    AT_SIGN_PLUS             shift, and go to state 216
    CARET                    shift, and go to state 217
    EXCLAMATION              shift, and go to state 124
    EXCLAMATION_EXCLAMATION  shift, and go to state 218
    EXCLAMATION_GREATER      shift, and go to state 219
    LBRACE                   shift, and go to state 220
    LBRKT                    shift, and go to state 221
    LPAREN                   shift, and go to state 380
    PERIOD                   shift, and go to state 341
    QUESTION                 shift, and go to state 127
    QUESTION_QUESTION        shift, and go to state 223
    QUESTION_STAR            shift, and go to state 224
    RBRKT                    shift, and go to state 381
    TILDE                    shift, and go to state 128
    _DLR_let                 shift, and go to state 225
    back_quoted              shift, and go to state 27
    distinct_object          shift, and go to state 92
    dollar_dollar_word       shift, and go to state 93
    dollar_word              shift, and go to state 94
    hash                     shift, and go to state 164
    integer                  shift, and go to state 78
    less_sign                shift, and go to state 165
    lower_word               shift, and go to state 29
    rational                 shift, and go to state 79
    real                     shift, and go to state 80
    single_quoted            shift, and go to state 30
    upper_word               shift, and go to state 81

    thf_logic_formula       go to state 766
    thf_binary_formula      go to state 228
    thf_binary_nonassoc     go to state 229
    thf_binary_assoc        go to state 230
    thf_or_formula          go to state 231
    thf_and_formula         go to state 232
    thf_apply_formula       go to state 233
    thf_unit_formula        go to state 234
    thf_unitary_formula     go to state 235
    thf_quantified_formula  go to state 236
    thf_quantification      go to state 237
    thf_unary_formula       go to state 238
    thf_prefix_unary        go to state 239
    thf_infix_unary         go to state 240
    thf_atomic_formula      go to state 241
    thf_plain_atomic        go to state 242
    thf_defined_atomic      go to state 243
    thf_defined_term        go to state 244
    thf_defined_infix       go to state 245
    thf_system_atomic       go to state 246
    thf_let                 go to state 247
    thf_let_defn            go to state 767
    thf_let_defn_list       go to state 768
    thf_unitary_term        go to state 248
    thf_tuple               go to state 249
    thf_formula_list        go to state 383
    thf_unitary_type        go to state 251
    thf_binary_type         go to state 252
    thf_mapping_type        go to state 253
    thf_xprod_type          go to state 254
    thf_union_type          go to state 255
    thf_definition          go to state 257
    thf_sequent             go to state 258
    nhf_long_connective     go to state 259
    ntf_short_connective    go to state 260
    thf_quantifier          go to state 261
    thf_unary_connective    go to state 262
    th0_quantifier          go to state 263
    type_quantifier         go to state 264
    tff_quantifier          go to state 265
    fof_quantifier          go to state 198
    unary_connective        go to state 266
    constant                go to state 384
    functor                 go to state 270
    defined_constant        go to state 385
    defined_functor         go to state 272
    system_constant         go to state 273
    system_functor          go to state 274
    th1_defined_term        go to state 275
    defined_term            go to state 276
    variable                go to state 277
    atomic_word             go to state 120
    atomic_defined_word     go to state 121
    atomic_system_word      go to state 122
    number                  go to state 123


State 728

   83 thf_let_defn: thf_logic_formula . assignment thf_logic_formula

    COLON_EQUALS  shift, and go to state 760

    assignment  go to state 769


State 729

   76 thf_let: _DLR_let LPAREN thf_let_types COMMA thf_let_defns . COMMA thf_logic_formula RPAREN

    COMMA  shift, and go to state 770


State 730

   81 thf_let_defns: thf_let_defn .

    $default  reduce using rule 81 (thf_let_defns)


State 731

   88 thf_unitary_term: LPAREN thf_logic_formula RPAREN .

    $default  reduce using rule 88 (thf_unitary_term)


State 732

   54 thf_quantification: thf_quantifier LBRKT thf_variable_list RBRKT COLON .

    $default  reduce using rule 54 (thf_quantification)


State 733

   56 thf_variable_list: thf_typed_variable COMMA thf_variable_list .

    $default  reduce using rule 56 (thf_variable_list)


State 734

   57 thf_typed_variable: variable COLON thf_top_level_type .

    $default  reduce using rule 57 (thf_typed_variable)


State 735

  375 sources: source COMMA sources .

    $default  reduce using rule 375 (sources)


State 736

  390 creator_source: _LIT_creator LPAREN creator_name COMMA . useful_info COMMA parents RPAREN

    LBRKT  shift, and go to state 71

    useful_info   go to state 771
    general_list  go to state 687


State 737

  386 file_info: COMMA . name

    back_quoted    shift, and go to state 27
    integer        shift, and go to state 28
    lower_word     shift, and go to state 29
    single_quoted  shift, and go to state 30

    name         go to state 772
    atomic_word  go to state 32


State 738

  385 file_source: _LIT_file LPAREN file_name file_info . RPAREN

    RPAREN  shift, and go to state 773


State 739

  387 file_info: nothing .

    $default  reduce using rule 387 (file_info)


State 740

  378 inference_record: _LIT_inference LPAREN inference_rule COMMA . useful_info COMMA parents RPAREN

    LBRKT  shift, and go to state 71

    useful_info   go to state 774
    general_list  go to state 687


State 741

  380 internal_source: _LIT_introduced LPAREN intro_type COMMA . useful_info COMMA parents RPAREN

    LBRKT  shift, and go to state 71

    useful_info   go to state 775
    general_list  go to state 687


State 742

  388 theory: _LIT_theory LPAREN theory_name optional_info . RPAREN

    RPAREN  shift, and go to state 776


State 743

  272 fof_quantified_formula: fof_quantifier LBRKT fof_variable_list RBRKT COLON fof_unit_formula .

    $default  reduce using rule 272 (fof_quantified_formula)


State 744

  249 tcf_quantified_formula: EXCLAMATION LBRKT tff_variable_list RBRKT COLON tcf_logic_formula .

    $default  reduce using rule 249 (tcf_quantified_formula)


State 745

  210 tff_atomic_type: LPAREN tff_atomic_type . RPAREN

    RPAREN  shift, and go to state 699


State 746

  219 tff_type_list: tff_top_level_type COMMA tff_type_list .

    $default  reduce using rule 219 (tff_type_list)


State 747

  215 tff_xprod_type: tff_unitary_type STAR tff_atomic_type .

    $default  reduce using rule 215 (tff_xprod_type)


State 748

  216 tff_xprod_type: tff_xprod_type STAR tff_atomic_type .

    $default  reduce using rule 216 (tff_xprod_type)


State 749

  200 tf1_quantified_type: type_quantifier LBRKT tff_variable_list RBRKT . COLON tff_monotype

    COLON  shift, and go to state 777


State 750

  213 tff_type_arguments: tff_atomic_type COMMA . tff_type_arguments

    LBRKT          shift, and go to state 488
    LPAREN         shift, and go to state 693
    back_quoted    shift, and go to state 27
    dollar_word    shift, and go to state 94
    lower_word     shift, and go to state 29
    single_quoted  shift, and go to state 30
    upper_word     shift, and go to state 81

    tff_atomic_type      go to state 704
    tff_type_arguments   go to state 778
    txf_tuple_type       go to state 496
    type_constant        go to state 498
    type_functor         go to state 499
    defined_type         go to state 500
    variable             go to state 501
    atomic_word          go to state 502
    atomic_defined_word  go to state 503


State 751

  209 tff_atomic_type: type_functor LPAREN tff_type_arguments RPAREN .

    $default  reduce using rule 209 (tff_atomic_type)


State 752

  231 nxf_long_connective: LBRACE ntf_connective_name LPAREN nxf_parameter_list RPAREN RBRACE .

    $default  reduce using rule 231 (nxf_long_connective)


State 753

  233 nxf_parameter_list: nxf_parameter COMMA nxf_parameter_list .

    $default  reduce using rule 233 (nxf_parameter_list)


State 754

  172 tff_atom_typing_list: tff_atom_typing COMMA tff_atom_typing_list .

    $default  reduce using rule 172 (tff_atom_typing_list)


State 755

  155 tff_atomic_formula: tff_plain_atomic .
  176 txf_let_LHS: tff_plain_atomic .

    COLON_EQUALS  reduce using rule 176 (txf_let_LHS)
    $default      reduce using rule 155 (tff_atomic_formula)


State 756

  178 txf_let_defn_list: txf_let_defn .
  179                  | txf_let_defn . COMMA txf_let_defn_list

    COMMA  shift, and go to state 779

    $default  reduce using rule 178 (txf_let_defn_list)


State 757

  174 txf_let_defns: LBRKT txf_let_defn_list . RBRKT

    RBRKT  shift, and go to state 780


State 758

  177 txf_let_LHS: txf_tuple .
  183 tff_term: txf_tuple .
  186 tff_unitary_term: txf_tuple .
  222 txf_sequent: txf_tuple . gentzen_arrow txf_tuple

    MINUS_MINUS_GREATER  shift, and go to state 324

    COLON_EQUALS        reduce using rule 177 (txf_let_LHS)
    EQUALS              reduce using rule 186 (tff_unitary_term)
    EXCLAMATION_EQUALS  reduce using rule 186 (tff_unitary_term)
    $default            reduce using rule 183 (tff_term)

    gentzen_arrow  go to state 364


State 759

  168 txf_let: _DLR_let LPAREN txf_let_types COMMA txf_let_defns COMMA . tff_term RPAREN

    EXCLAMATION         shift, and go to state 124
    LBRACE              shift, and go to state 160
    LBRKT               shift, and go to state 161
    LPAREN              shift, and go to state 340
    QUESTION            shift, and go to state 127
    TILDE               shift, and go to state 128
    _DLR_let            shift, and go to state 163
    back_quoted         shift, and go to state 27
    distinct_object     shift, and go to state 92
    dollar_dollar_word  shift, and go to state 93
    dollar_word         shift, and go to state 94
    hash                shift, and go to state 164
    integer             shift, and go to state 78
    less_sign           shift, and go to state 165
    lower_word          shift, and go to state 29
    rational            shift, and go to state 79
    real                shift, and go to state 80
    single_quoted       shift, and go to state 30
    upper_word          shift, and go to state 81

    tff_logic_formula       go to state 343
    tff_binary_formula      go to state 168
    tff_binary_nonassoc     go to state 169
    tff_binary_assoc        go to state 170
    tff_or_formula          go to state 171
    tff_and_formula         go to state 172
    tff_unit_formula        go to state 173
    tff_unitary_formula     go to state 174
    txf_unitary_formula     go to state 175
    tff_quantified_formula  go to state 176
    tff_unary_formula       go to state 177
    tff_prefix_unary        go to state 178
    tff_infix_unary         go to state 179
    tff_atomic_formula      go to state 180
    tff_plain_atomic        go to state 181
    tff_defined_atomic      go to state 182
    tff_defined_plain       go to state 183
    tff_defined_infix       go to state 184
    tff_system_atomic       go to state 185
    txf_let                 go to state 186
    nxf_atom                go to state 187
    tff_term                go to state 781
    tff_unitary_term        go to state 188
    txf_tuple               go to state 345
    txf_definition          go to state 192
    txf_sequent             go to state 193
    nxf_long_connective     go to state 194
    ntf_short_connective    go to state 195
    tff_unary_connective    go to state 196
    tff_quantifier          go to state 197
    fof_quantifier          go to state 198
    unary_connective        go to state 199
    constant                go to state 347
    functor                 go to state 204
    defined_constant        go to state 348
    defined_functor         go to state 206
    system_constant         go to state 207
    system_functor          go to state 208
    defined_term            go to state 349
    variable                go to state 210
    atomic_word             go to state 120
    atomic_defined_word     go to state 121
    atomic_system_word      go to state 122
    number                  go to state 123


State 760

  341 assignment: COLON_EQUALS .

    $default  reduce using rule 341 (assignment)


State 761

  175 txf_let_defn: txf_let_LHS assignment . tff_term

    EXCLAMATION         shift, and go to state 124
    LBRACE              shift, and go to state 160
    LBRKT               shift, and go to state 161
    LPAREN              shift, and go to state 340
    QUESTION            shift, and go to state 127
    TILDE               shift, and go to state 128
    _DLR_let            shift, and go to state 163
    back_quoted         shift, and go to state 27
    distinct_object     shift, and go to state 92
    dollar_dollar_word  shift, and go to state 93
    dollar_word         shift, and go to state 94
    hash                shift, and go to state 164
    integer             shift, and go to state 78
    less_sign           shift, and go to state 165
    lower_word          shift, and go to state 29
    rational            shift, and go to state 79
    real                shift, and go to state 80
    single_quoted       shift, and go to state 30
    upper_word          shift, and go to state 81

    tff_logic_formula       go to state 343
    tff_binary_formula      go to state 168
    tff_binary_nonassoc     go to state 169
    tff_binary_assoc        go to state 170
    tff_or_formula          go to state 171
    tff_and_formula         go to state 172
    tff_unit_formula        go to state 173
    tff_unitary_formula     go to state 174
    txf_unitary_formula     go to state 175
    tff_quantified_formula  go to state 176
    tff_unary_formula       go to state 177
    tff_prefix_unary        go to state 178
    tff_infix_unary         go to state 179
    tff_atomic_formula      go to state 180
    tff_plain_atomic        go to state 181
    tff_defined_atomic      go to state 182
    tff_defined_plain       go to state 183
    tff_defined_infix       go to state 184
    tff_system_atomic       go to state 185
    txf_let                 go to state 186
    nxf_atom                go to state 187
    tff_term                go to state 782
    tff_unitary_term        go to state 188
    txf_tuple               go to state 345
    txf_definition          go to state 192
    txf_sequent             go to state 193
    nxf_long_connective     go to state 194
    ntf_short_connective    go to state 195
    tff_unary_connective    go to state 196
    tff_quantifier          go to state 197
    fof_quantifier          go to state 198
    unary_connective        go to state 199
    constant                go to state 347
    functor                 go to state 204
    defined_constant        go to state 348
    defined_functor         go to state 206
    system_constant         go to state 207
    system_functor          go to state 208
    defined_term            go to state 349
    variable                go to state 210
    atomic_word             go to state 120
    atomic_defined_word     go to state 121
    atomic_system_word      go to state 122
    number                  go to state 123


State 762

  145 tff_quantified_formula: tff_quantifier LBRKT tff_variable_list RBRKT COLON tff_unit_formula .

    $default  reduce using rule 145 (tff_quantified_formula)


State 763

  224 nhf_long_connective: LBRACE ntf_connective_name LPAREN nhf_parameter_list RPAREN RBRACE .

    $default  reduce using rule 224 (nhf_long_connective)


State 764

  226 nhf_parameter_list: nhf_parameter COMMA nhf_parameter_list .

    $default  reduce using rule 226 (nhf_parameter_list)


State 765

   80 thf_atom_typing_list: thf_atom_typing COMMA thf_atom_typing_list .

    $default  reduce using rule 80 (thf_atom_typing_list)


State 766

   83 thf_let_defn: thf_logic_formula . assignment thf_logic_formula
   96 thf_formula_list: thf_logic_formula .
   97                 | thf_logic_formula . COMMA thf_formula_list

    COLON_EQUALS  shift, and go to state 760
    COMMA         shift, and go to state 551

    $default  reduce using rule 96 (thf_formula_list)

    assignment  go to state 769


State 767

   84 thf_let_defn_list: thf_let_defn .
   85                  | thf_let_defn . COMMA thf_let_defn_list

    COMMA  shift, and go to state 783

    $default  reduce using rule 84 (thf_let_defn_list)


State 768

   82 thf_let_defns: LBRKT thf_let_defn_list . RBRKT

    RBRKT  shift, and go to state 784


State 769

   83 thf_let_defn: thf_logic_formula assignment . thf_logic_formula

    AT_AT_SIGN_MINUS         shift, and go to state 212
    AT_AT_SIGN_PLUS          shift, and go to state 213
    AT_SIGN_EQUALS           shift, and go to state 214
    AT_SIGN_MINUS            shift, and go to state 215
    AT_SIGN_PLUS             shift, and go to state 216
    CARET                    shift, and go to state 217
    EXCLAMATION              shift, and go to state 124
    EXCLAMATION_EXCLAMATION  shift, and go to state 218
    EXCLAMATION_GREATER      shift, and go to state 219
    LBRACE                   shift, and go to state 220
    LBRKT                    shift, and go to state 221
    LPAREN                   shift, and go to state 380
    QUESTION                 shift, and go to state 127
    QUESTION_QUESTION        shift, and go to state 223
    QUESTION_STAR            shift, and go to state 224
    TILDE                    shift, and go to state 128
    _DLR_let                 shift, and go to state 225
    back_quoted              shift, and go to state 27
    distinct_object          shift, and go to state 92
    dollar_dollar_word       shift, and go to state 93
    dollar_word              shift, and go to state 94
    hash                     shift, and go to state 164
    integer                  shift, and go to state 78
    less_sign                shift, and go to state 165
    lower_word               shift, and go to state 29
    rational                 shift, and go to state 79
    real                     shift, and go to state 80
    single_quoted            shift, and go to state 30
    upper_word               shift, and go to state 81

    thf_logic_formula       go to state 785
    thf_binary_formula      go to state 228
    thf_binary_nonassoc     go to state 229
    thf_binary_assoc        go to state 230
    thf_or_formula          go to state 231
    thf_and_formula         go to state 232
    thf_apply_formula       go to state 233
    thf_unit_formula        go to state 234
    thf_unitary_formula     go to state 235
    thf_quantified_formula  go to state 236
    thf_quantification      go to state 237
    thf_unary_formula       go to state 238
    thf_prefix_unary        go to state 239
    thf_infix_unary         go to state 240
    thf_atomic_formula      go to state 241
    thf_plain_atomic        go to state 242
    thf_defined_atomic      go to state 243
    thf_defined_term        go to state 244
    thf_defined_infix       go to state 245
    thf_system_atomic       go to state 246
    thf_let                 go to state 247
    thf_unitary_term        go to state 248
    thf_tuple               go to state 249
    thf_unitary_type        go to state 251
    thf_binary_type         go to state 252
    thf_mapping_type        go to state 253
    thf_xprod_type          go to state 254
    thf_union_type          go to state 255
    thf_definition          go to state 257
    thf_sequent             go to state 258
    nhf_long_connective     go to state 259
    ntf_short_connective    go to state 260
    thf_quantifier          go to state 261
    thf_unary_connective    go to state 262
    th0_quantifier          go to state 263
    type_quantifier         go to state 264
    tff_quantifier          go to state 265
    fof_quantifier          go to state 198
    unary_connective        go to state 266
    constant                go to state 384
    functor                 go to state 270
    defined_constant        go to state 385
    defined_functor         go to state 272
    system_constant         go to state 273
    system_functor          go to state 274
    th1_defined_term        go to state 275
    defined_term            go to state 276
    variable                go to state 277
    atomic_word             go to state 120
    atomic_defined_word     go to state 121
    atomic_system_word      go to state 122
    number                  go to state 123


State 770

   76 thf_let: _DLR_let LPAREN thf_let_types COMMA thf_let_defns COMMA . thf_logic_formula RPAREN

    AT_AT_SIGN_MINUS         shift, and go to state 212
    AT_AT_SIGN_PLUS          shift, and go to state 213
    AT_SIGN_EQUALS           shift, and go to state 214
    AT_SIGN_MINUS            shift, and go to state 215
    AT_SIGN_PLUS             shift, and go to state 216
    CARET                    shift, and go to state 217
    EXCLAMATION              shift, and go to state 124
    EXCLAMATION_EXCLAMATION  shift, and go to state 218
    EXCLAMATION_GREATER      shift, and go to state 219
    LBRACE                   shift, and go to state 220
    LBRKT                    shift, and go to state 221
    LPAREN                   shift, and go to state 380
    QUESTION                 shift, and go to state 127
    QUESTION_QUESTION        shift, and go to state 223
    QUESTION_STAR            shift, and go to state 224
    TILDE                    shift, and go to state 128
    _DLR_let                 shift, and go to state 225
    back_quoted              shift, and go to state 27
    distinct_object          shift, and go to state 92
    dollar_dollar_word       shift, and go to state 93
    dollar_word              shift, and go to state 94
    hash                     shift, and go to state 164
    integer                  shift, and go to state 78
    less_sign                shift, and go to state 165
    lower_word               shift, and go to state 29
    rational                 shift, and go to state 79
    real                     shift, and go to state 80
    single_quoted            shift, and go to state 30
    upper_word               shift, and go to state 81

    thf_logic_formula       go to state 786
    thf_binary_formula      go to state 228
    thf_binary_nonassoc     go to state 229
    thf_binary_assoc        go to state 230
    thf_or_formula          go to state 231
    thf_and_formula         go to state 232
    thf_apply_formula       go to state 233
    thf_unit_formula        go to state 234
    thf_unitary_formula     go to state 235
    thf_quantified_formula  go to state 236
    thf_quantification      go to state 237
    thf_unary_formula       go to state 238
    thf_prefix_unary        go to state 239
    thf_infix_unary         go to state 240
    thf_atomic_formula      go to state 241
    thf_plain_atomic        go to state 242
    thf_defined_atomic      go to state 243
    thf_defined_term        go to state 244
    thf_defined_infix       go to state 245
    thf_system_atomic       go to state 246
    thf_let                 go to state 247
    thf_unitary_term        go to state 248
    thf_tuple               go to state 249
    thf_unitary_type        go to state 251
    thf_binary_type         go to state 252
    thf_mapping_type        go to state 253
    thf_xprod_type          go to state 254
    thf_union_type          go to state 255
    thf_definition          go to state 257
    thf_sequent             go to state 258
    nhf_long_connective     go to state 259
    ntf_short_connective    go to state 260
    thf_quantifier          go to state 261
    thf_unary_connective    go to state 262
    th0_quantifier          go to state 263
    type_quantifier         go to state 264
    tff_quantifier          go to state 265
    fof_quantifier          go to state 198
    unary_connective        go to state 266
    constant                go to state 384
    functor                 go to state 270
    defined_constant        go to state 385
    defined_functor         go to state 272
    system_constant         go to state 273
    system_functor          go to state 274
    th1_defined_term        go to state 275
    defined_term            go to state 276
    variable                go to state 277
    atomic_word             go to state 120
    atomic_defined_word     go to state 121
    atomic_system_word      go to state 122
    number                  go to state 123


State 771

  390 creator_source: _LIT_creator LPAREN creator_name COMMA useful_info . COMMA parents RPAREN

    COMMA  shift, and go to state 787


State 772

  386 file_info: COMMA name .

    $default  reduce using rule 386 (file_info)


State 773

  385 file_source: _LIT_file LPAREN file_name file_info RPAREN .

    $default  reduce using rule 385 (file_source)


State 774

  378 inference_record: _LIT_inference LPAREN inference_rule COMMA useful_info . COMMA parents RPAREN

    COMMA  shift, and go to state 788


State 775

  380 internal_source: _LIT_introduced LPAREN intro_type COMMA useful_info . COMMA parents RPAREN

    COMMA  shift, and go to state 789


State 776

  388 theory: _LIT_theory LPAREN theory_name optional_info RPAREN .

    $default  reduce using rule 388 (theory)


State 777

  200 tf1_quantified_type: type_quantifier LBRKT tff_variable_list RBRKT COLON . tff_monotype

    EXCLAMATION_GREATER  shift, and go to state 219
    LBRKT                shift, and go to state 488
    LPAREN               shift, and go to state 790
    QUESTION_STAR        shift, and go to state 224
    back_quoted          shift, and go to state 27
    dollar_word          shift, and go to state 94
    lower_word           shift, and go to state 29
    single_quoted        shift, and go to state 30
    upper_word           shift, and go to state 81

    tf1_quantified_type  go to state 791
    tff_monotype         go to state 792
    tff_atomic_type      go to state 793
    txf_tuple_type       go to state 496
    type_quantifier      go to state 497
    type_constant        go to state 498
    type_functor         go to state 499
    defined_type         go to state 500
    variable             go to state 501
    atomic_word          go to state 502
    atomic_defined_word  go to state 503


State 778

  213 tff_type_arguments: tff_atomic_type COMMA tff_type_arguments .

    $default  reduce using rule 213 (tff_type_arguments)


State 779

  179 txf_let_defn_list: txf_let_defn COMMA . txf_let_defn_list

    LBRKT          shift, and go to state 532
    back_quoted    shift, and go to state 27
    lower_word     shift, and go to state 29
    single_quoted  shift, and go to state 30

    tff_plain_atomic   go to state 712
    txf_let_defn       go to state 756
    txf_let_LHS        go to state 715
    txf_let_defn_list  go to state 794
    txf_tuple          go to state 716
    constant           go to state 347
    functor            go to state 204
    atomic_word        go to state 120


State 780

  174 txf_let_defns: LBRKT txf_let_defn_list RBRKT .

    $default  reduce using rule 174 (txf_let_defns)


State 781

  168 txf_let: _DLR_let LPAREN txf_let_types COMMA txf_let_defns COMMA tff_term . RPAREN

    RPAREN  shift, and go to state 795


State 782

  175 txf_let_defn: txf_let_LHS assignment tff_term .

    $default  reduce using rule 175 (txf_let_defn)


State 783

   85 thf_let_defn_list: thf_let_defn COMMA . thf_let_defn_list

    AT_AT_SIGN_MINUS         shift, and go to state 212
    AT_AT_SIGN_PLUS          shift, and go to state 213
    AT_SIGN_EQUALS           shift, and go to state 214
    AT_SIGN_MINUS            shift, and go to state 215
    AT_SIGN_PLUS             shift, and go to state 216
    CARET                    shift, and go to state 217
    EXCLAMATION              shift, and go to state 124
    EXCLAMATION_EXCLAMATION  shift, and go to state 218
    EXCLAMATION_GREATER      shift, and go to state 219
    LBRACE                   shift, and go to state 220
    LBRKT                    shift, and go to state 221
    LPAREN                   shift, and go to state 380
    QUESTION                 shift, and go to state 127
    QUESTION_QUESTION        shift, and go to state 223
    QUESTION_STAR            shift, and go to state 224
    TILDE                    shift, and go to state 128
    _DLR_let                 shift, and go to state 225
    back_quoted              shift, and go to state 27
    distinct_object          shift, and go to state 92
    dollar_dollar_word       shift, and go to state 93
    dollar_word              shift, and go to state 94
    hash                     shift, and go to state 164
    integer                  shift, and go to state 78
    less_sign                shift, and go to state 165
    lower_word               shift, and go to state 29
    rational                 shift, and go to state 79
    real                     shift, and go to state 80
    single_quoted            shift, and go to state 30
    upper_word               shift, and go to state 81

    thf_logic_formula       go to state 728
    thf_binary_formula      go to state 228
    thf_binary_nonassoc     go to state 229
    thf_binary_assoc        go to state 230
    thf_or_formula          go to state 231
    thf_and_formula         go to state 232
    thf_apply_formula       go to state 233
    thf_unit_formula        go to state 234
    thf_unitary_formula     go to state 235
    thf_quantified_formula  go to state 236
    thf_quantification      go to state 237
    thf_unary_formula       go to state 238
    thf_prefix_unary        go to state 239
    thf_infix_unary         go to state 240
    thf_atomic_formula      go to state 241
    thf_plain_atomic        go to state 242
    thf_defined_atomic      go to state 243
    thf_defined_term        go to state 244
    thf_defined_infix       go to state 245
    thf_system_atomic       go to state 246
    thf_let                 go to state 247
    thf_let_defn            go to state 767
    thf_let_defn_list       go to state 796
    thf_unitary_term        go to state 248
    thf_tuple               go to state 249
    thf_unitary_type        go to state 251
    thf_binary_type         go to state 252
    thf_mapping_type        go to state 253
    thf_xprod_type          go to state 254
    thf_union_type          go to state 255
    thf_definition          go to state 257
    thf_sequent             go to state 258
    nhf_long_connective     go to state 259
    ntf_short_connective    go to state 260
    thf_quantifier          go to state 261
    thf_unary_connective    go to state 262
    th0_quantifier          go to state 263
    type_quantifier         go to state 264
    tff_quantifier          go to state 265
    fof_quantifier          go to state 198
    unary_connective        go to state 266
    constant                go to state 384
    functor                 go to state 270
    defined_constant        go to state 385
    defined_functor         go to state 272
    system_constant         go to state 273
    system_functor          go to state 274
    th1_defined_term        go to state 275
    defined_term            go to state 276
    variable                go to state 277
    atomic_word             go to state 120
    atomic_defined_word     go to state 121
    atomic_system_word      go to state 122
    number                  go to state 123


State 784

   82 thf_let_defns: LBRKT thf_let_defn_list RBRKT .

    $default  reduce using rule 82 (thf_let_defns)


State 785

   83 thf_let_defn: thf_logic_formula assignment thf_logic_formula .

    $default  reduce using rule 83 (thf_let_defn)


State 786

   76 thf_let: _DLR_let LPAREN thf_let_types COMMA thf_let_defns COMMA thf_logic_formula . RPAREN

    RPAREN  shift, and go to state 797


State 787

  390 creator_source: _LIT_creator LPAREN creator_name COMMA useful_info COMMA . parents RPAREN

    LBRKT  shift, and go to state 798

    parents  go to state 799


State 788

  378 inference_record: _LIT_inference LPAREN inference_rule COMMA useful_info COMMA . parents RPAREN

    LBRKT  shift, and go to state 798

    parents  go to state 800


State 789

  380 internal_source: _LIT_introduced LPAREN intro_type COMMA useful_info COMMA . parents RPAREN

    LBRKT  shift, and go to state 798

    parents  go to state 801


State 790

  202 tff_monotype: LPAREN . tff_mapping_type RPAREN
  210 tff_atomic_type: LPAREN . tff_atomic_type RPAREN

    LBRKT          shift, and go to state 488
    LPAREN         shift, and go to state 802
    back_quoted    shift, and go to state 27
    dollar_word    shift, and go to state 94
    lower_word     shift, and go to state 29
    single_quoted  shift, and go to state 30
    upper_word     shift, and go to state 81

    tff_unitary_type     go to state 493
    tff_atomic_type      go to state 633
    tff_mapping_type     go to state 803
    txf_tuple_type       go to state 496
    type_constant        go to state 498
    type_functor         go to state 499
    defined_type         go to state 500
    variable             go to state 501
    atomic_word          go to state 502
    atomic_defined_word  go to state 503


State 791

  203 tff_monotype: tf1_quantified_type .

    $default  reduce using rule 203 (tff_monotype)


State 792

  200 tf1_quantified_type: type_quantifier LBRKT tff_variable_list RBRKT COLON tff_monotype .

    $default  reduce using rule 200 (tf1_quantified_type)


State 793

  201 tff_monotype: tff_atomic_type .

    $default  reduce using rule 201 (tff_monotype)


State 794

  179 txf_let_defn_list: txf_let_defn COMMA txf_let_defn_list .

    $default  reduce using rule 179 (txf_let_defn_list)


State 795

  168 txf_let: _DLR_let LPAREN txf_let_types COMMA txf_let_defns COMMA tff_term RPAREN .

    $default  reduce using rule 168 (txf_let)


State 796

   85 thf_let_defn_list: thf_let_defn COMMA thf_let_defn_list .

    $default  reduce using rule 85 (thf_let_defn_list)


State 797

   76 thf_let: _DLR_let LPAREN thf_let_types COMMA thf_let_defns COMMA thf_logic_formula RPAREN .

    $default  reduce using rule 76 (thf_let)


State 798

  392 parents: LBRKT . RBRKT
  393        | LBRKT . parent_list RBRKT

    LBRKT            shift, and go to state 447
    RBRKT            shift, and go to state 804
    _LIT_creator     shift, and go to state 448
    _LIT_file        shift, and go to state 449
    _LIT_inference   shift, and go to state 450
    _LIT_introduced  shift, and go to state 451
    _LIT_theory      shift, and go to state 452
    _LIT_unknown     shift, and go to state 453
    back_quoted      shift, and go to state 27
    integer          shift, and go to state 28
    lower_word       shift, and go to state 29
    single_quoted    shift, and go to state 30

    source            go to state 805
    dag_source        go to state 455
    inference_record  go to state 456
    internal_source   go to state 457
    external_source   go to state 458
    file_source       go to state 459
    theory            go to state 460
    creator_source    go to state 461
    parent_list       go to state 806
    parent_info       go to state 807
    name              go to state 462
    atomic_word       go to state 32


State 799

  390 creator_source: _LIT_creator LPAREN creator_name COMMA useful_info COMMA parents . RPAREN

    RPAREN  shift, and go to state 808


State 800

  378 inference_record: _LIT_inference LPAREN inference_rule COMMA useful_info COMMA parents . RPAREN

    RPAREN  shift, and go to state 809


State 801

  380 internal_source: _LIT_introduced LPAREN intro_type COMMA useful_info COMMA parents . RPAREN

    RPAREN  shift, and go to state 810


State 802

  205 tff_unitary_type: LPAREN . tff_xprod_type RPAREN
  210 tff_atomic_type: LPAREN . tff_atomic_type RPAREN

    LBRKT          shift, and go to state 488
    LPAREN         shift, and go to state 802
    back_quoted    shift, and go to state 27
    dollar_word    shift, and go to state 94
    lower_word     shift, and go to state 29
    single_quoted  shift, and go to state 30
    upper_word     shift, and go to state 81

    tff_unitary_type     go to state 811
    tff_atomic_type      go to state 633
    tff_xprod_type       go to state 634
    txf_tuple_type       go to state 496
    type_constant        go to state 498
    type_functor         go to state 499
    defined_type         go to state 500
    variable             go to state 501
    atomic_word          go to state 502
    atomic_defined_word  go to state 503


State 803

  202 tff_monotype: LPAREN tff_mapping_type . RPAREN

    RPAREN  shift, and go to state 812


State 804

  392 parents: LBRKT RBRKT .

    $default  reduce using rule 392 (parents)


State 805

  396 parent_info: source . parent_details

    COLON  shift, and go to state 813

    $default  reduce using rule 441 (nothing)

    parent_details  go to state 814
    nothing         go to state 815


State 806

  393 parents: LBRKT parent_list . RBRKT

    RBRKT  shift, and go to state 816


State 807

  394 parent_list: parent_info .
  395            | parent_info . COMMA parent_list

    COMMA  shift, and go to state 817

    $default  reduce using rule 394 (parent_list)


State 808

  390 creator_source: _LIT_creator LPAREN creator_name COMMA useful_info COMMA parents RPAREN .

    $default  reduce using rule 390 (creator_source)


State 809

  378 inference_record: _LIT_inference LPAREN inference_rule COMMA useful_info COMMA parents RPAREN .

    $default  reduce using rule 378 (inference_record)


State 810

  380 internal_source: _LIT_introduced LPAREN intro_type COMMA useful_info COMMA parents RPAREN .

    $default  reduce using rule 380 (internal_source)


State 811

  215 tff_xprod_type: tff_unitary_type . STAR tff_atomic_type

    STAR  shift, and go to state 698


State 812

  202 tff_monotype: LPAREN tff_mapping_type RPAREN .

    $default  reduce using rule 202 (tff_monotype)


State 813

  397 parent_details: COLON . general_term

    LBRKT            shift, and go to state 71
    _DLR_cnf         shift, and go to state 72
    _DLR_fof         shift, and go to state 73
    _DLR_fot         shift, and go to state 74
    _DLR_tff         shift, and go to state 75
    _DLR_thf         shift, and go to state 76
    back_quoted      shift, and go to state 27
    distinct_object  shift, and go to state 77
    integer          shift, and go to state 78
    lower_word       shift, and go to state 29
    rational         shift, and go to state 79
    real             shift, and go to state 80
    single_quoted    shift, and go to state 30
    upper_word       shift, and go to state 81

    variable          go to state 82
    general_term      go to state 818
    general_data      go to state 84
    general_function  go to state 85
    formula_data      go to state 86
    general_list      go to state 87
    atomic_word       go to state 88
    number            go to state 89


State 814

  396 parent_info: source parent_details .

    $default  reduce using rule 396 (parent_info)


State 815

  398 parent_details: nothing .

    $default  reduce using rule 398 (parent_details)


State 816

  393 parents: LBRKT parent_list RBRKT .

    $default  reduce using rule 393 (parents)


State 817

  395 parent_list: parent_info COMMA . parent_list

    LBRKT            shift, and go to state 447
    _LIT_creator     shift, and go to state 448
    _LIT_file        shift, and go to state 449
    _LIT_inference   shift, and go to state 450
    _LIT_introduced  shift, and go to state 451
    _LIT_theory      shift, and go to state 452
    _LIT_unknown     shift, and go to state 453
    back_quoted      shift, and go to state 27
    integer          shift, and go to state 28
    lower_word       shift, and go to state 29
    single_quoted    shift, and go to state 30

    source            go to state 805
    dag_source        go to state 455
    inference_record  go to state 456
    internal_source   go to state 457
    external_source   go to state 458
    file_source       go to state 459
    theory            go to state 460
    creator_source    go to state 461
    parent_list       go to state 819
    parent_info       go to state 807
    name              go to state 462
    atomic_word       go to state 32


State 818

  397 parent_details: COLON general_term .

    $default  reduce using rule 397 (parent_details)


State 819

  395 parent_list: parent_info COMMA parent_list .

    $default  reduce using rule 395 (parent_list)
